Workbook

Sheet control
A1: VEHIDCODE | B1: FILENAMES_EXPECTED | C1: SAVE_TO | D1: VEHID_ID_CATEGORY | E1: VEHID_ID | F1: ENGLISH | G1: WEB | H1: IS_POWERED_UNPOWERED_SUNDRY | I1: IS_WAGON_OR_COACH | J1: TRACK_TYPES | K1: PROPERTIES | L1: ROSTER | M1: GRAPHICS_PROPERTIES | N1: ITEM | O1: NAME | P1: CONCEPT_READONLY | Q1: EXCLUDE_READONLY | R1: TPL_READONLY
A2: mglv_Maglev_Wagon_Powered | B2: =_xlfn.TEXTAFTER(CONTROL[[#This Row],[VEHIDCODE]],"_") -> Maglev_Wagon_Powered | C2: {="src\"&(_xlfn.LET(_xlpm.l,SUBSTITUTE(CONTROL[[#This Row],[VEHID_ID_CATEGORY]],"ID_RANGE_",""),_xlfn.IFS( _xlpm.l="RBS","Railbus\Railbus_Steam", _xlpm.l="RBD","Railbus\Railbus_Diesel", _xlpm.l="RBE","Railbus\Railbus_Electric", _xlpm.l="RBM","Railbus\Railbus_Maglev", _xlpm.l="STEAM","Steam", _xlpm.l="DIESEL","Diesel", OR(_xlpm.l="ELECTRIC", _xlpm.l="MULTIMETRO"),"Electric", _xlpm.l="MAGLEV","Maglev", _xlpm.l="MULTIMAGLEV","MMU", _xlpm.l="CARGODMU","CargoDMU", _xlpm.l="DMU","DMU", _xlpm.l="CARGOEMU","CargoEMU", _xlpm.l="EMU","EMU", _xlpm.l="MMU","MMU", _xlpm.l="SINGLEMETRO","Single_Metro", OR(ISNUMBER(SEARCH("_powered",CONTROL[[#This Row],[VEHIDCODE]])),ISNUMBER(SEARCH("_unpowered",CONTROL[[#This Row],[VEHIDCODE]]))),"Special", _xlpm.l="WAGONS","wagons\"&SUBSTITUTE(_xlfn.TEXTBEFORE(SUBSTITUTE(_xlfn.TEXTAFTER(CONTROL[[#This Row],[VEHIDCODE]],"_",2),"Service_Car","Service#Car"),"_"),"#","_"), _xlpm.l="WAGONS_MGLV","Wagons_Maglev\"&_xlfn.TEXTBEFORE(_xlfn.TEXTAFTER(CONTROL[[#This Row],[VEHIDCODE]],"_",2),"_"), _xlpm.l="COACHES","Coaches\"&_xlfn.TEXTBEFORE(_xlfn.TEXTAFTER(CONTROL[[#This Row],[VEHIDCODE]],"_",2),"_"), _xlpm.l="COACHES_MGLV","Coaches_Maglev\"&_xlfn.TEXTBEFORE(_xlfn.TEXTAFTER(CONTROL[[#This Row],[VEHIDCODE]],"_",2),"_") )))} -> src\Special | D2: {="ID_RANGE_"&_xlfn.IFS( ISNUMBER(SEARCH("mglv_maglev_wagon",CONTROL[[#This Row],[VEHIDCODE]])),"UNIT_WAGONS_MGLV", ISNUMBER(SEARCH("mu_mu_cargo_wagon",CONTROL[[#This Row],[VEHIDCODE]])),"UNIT_WAGONS_RAIL_CARGO", ISNUMBER(SEARCH("mtro_metro_wagon_",CONTROL[[#This Row],[VEHIDCODE]])),"UNIT_WAGONS_MTRO", ISNUMBER(SEARCH("mu_mu_wagon",CONTROL[[#This Row],[VEHIDCODE]])),"UNIT_WAGONS_RAIL", ISNUMBER(SEARCH("mu_wagon",CONTROL[[#This Row],[VEHIDCODE]])),"WAGONS", ISNUMBER(SEARCH("mu_coach",CONTROL[[#This Row],[VEHIDCODE]])),"COACHES", ISNUMBER(SEARCH("mglv_coach",CONTROL[[#This Row],[VEHIDCODE]])),"COACHES_MGLV", _xlfn.TEXTBEFORE(CONTROL[[#This Row],[VEHIDCODE]],"_")="rbs","RBS", _xlfn.TEXTBEFORE(CONTROL[[#This Row],[VEHIDCODE]],"_")="rbd","RBD", _xlfn.TEXTBEFORE(CONTROL[[#This Row],[VEHIDCODE]],"_")="rbe","RBE", _xlfn.TEXTBEFORE(CONTROL[[#This Row],[VEHIDCODE]],"_")="rbm","RBM", _xlfn.TEXTBEFORE(CONTROL[[#This Row],[VEHIDCODE]],"_")="steam","STEAM", _xlfn.TEXTBEFORE(CONTROL[[#This Row],[VEHIDCODE]],"_")="diesel","DIESEL", _xlfn.TEXTBEFORE(CONTROL[[#This Row],[VEHIDCODE]],"_")="electric","ELECTRIC", _xlfn.TEXTBEFORE(CONTROL[[#This Row],[VEHIDCODE]],"_")="mtro","MULTIMETRO", _xlfn.TEXTBEFORE(CONTROL[[#This Row],[VEHIDCODE]],"_")="singlemtro","SINGLEMETRO", _xlfn.TEXTBEFORE(CONTROL[[#This Row],[VEHIDCODE]],"_")="dmu","DMU", _xlfn.TEXTBEFORE(CONTROL[[#This Row],[VEHIDCODE]],"_")="cargodmu","CARGODMU", _xlfn.TEXTBEFORE(CONTROL[[#This Row],[VEHIDCODE]],"_")="emu","EMU", _xlfn.TEXTBEFORE(CONTROL[[#This Row],[VEHIDCODE]],"_")="cargoemu","CARGOEMU", _xlfn.TEXTBEFORE(CONTROL[[#This Row],[VEHIDCODE]],"_",2)="mglv_Wagon","WAGONS_MGLV", AND(_xlfn.TEXTBEFORE(CONTROL[[#This Row],[VEHIDCODE]],"_",1)="mglv",_xlfn.XLOOKUP(CONTROL[[#This Row],[VEHIDCODE]],PROPERTIES[VEHIDCODE],PROPERTIES[DUAL_HEADED])=0),"MAGLEV", _xlfn.TEXTBEFORE(CONTROL[[#This Row],[VEHIDCODE]],"_")="mmu","MMU")} -> ID_RANGE_UNIT_WAGONS_MGLV | E2: 13005 | F2: Maglev Unit Wagon | G2: NA | H2: =AND(CONTROL[[#This Row],[IS_WAGON_OR_COACH]]=TRUE,OR(RIGHT(CONTROL[[#This Row],[VEHIDCODE]],7)="Powered",RIGHT(CONTROL[[#This Row],[VEHIDCODE]],9)="Unpowered")) -> TRUE | I2: =OR(ISNUMBER(SEARCH("_wagon_powered",CONTROL[[#This Row],[VEHIDCODE]])),ISNUMBER(SEARCH("_wagon_unpowered",CONTROL[[#This Row],[VEHIDCODE]])),ISNUMBER(SEARCH("mu_wagon_",CONTROL[[#This Row],[VEHIDCODE]])),ISNUMBER(SEARCH("mglv_wagon_",CONTROL[[#This Row],[VEHIDCODE]])),ISNUMBER(SEARCH("mu_coach_",CONTROL[[#This Row],[VEHIDCODE]])),ISNUMBER(SEARCH("mglv_coach_",CONTROL[[#This Row],[VEHIDCODE]]))) -> TRUE | J2: =ISNUMBER(_xlfn.XMATCH(CONTROL[[#This Row],[VEHIDCODE]],TRACK_TYPES[VEHIDCODE],0)) -> TRUE | K2: =ISNUMBER(_xlfn.XMATCH(CONTROL[[#This Row],[VEHIDCODE]],PROPERTIES[VEHIDCODE],0)) -> TRUE | L2: =ISNUMBER(_xlfn.XLOOKUP(CONTROL[[#This Row],[VEHIDCODE]],roster!A:A,roster!D:D)) -> TRUE | M2: =ISNUMBER(_xlfn.XMATCH(CONTROL[[#This Row],[VEHIDCODE]],GRAPHICS_PROPERTIES[VEHIDCODE],0)) -> TRUE | N2: ="item_"&CONTROL[[#This Row],[VEHIDCODE]] -> item_mglv_Maglev_Wagon_Powered | O2: ="str_"&CONTROL[[#This Row],[VEHIDCODE]] -> str_mglv_Maglev_Wagon_Powered | P2: =_xlfn.XLOOKUP(CONTROL[[#This Row],[VEHIDCODE]],PROPERTIES[VEHIDCODE],PROPERTIES[IS_CONCEPT])="IS_CONCEPT" -> FALSE | Q2: =_xlfn.XLOOKUP(CONTROL[[#This Row],[VEHIDCODE]],PROPERTIES[VEHIDCODE],PROPERTIES[EXCLUDE]) -> FALSE | R2: {=_xlfn.XLOOKUP(CONTROL[[#This Row],[VEHIDCODE]],GRAPHICS_PROPERTIES[VEHIDCODE],GRAPHICS_PROPERTIES[TEMPLATE_ID]&GRAPHICS_PROPERTIES[TEMPLATE_AMENDMENT_CODE])} -> TPL_01F
A3: mglv_Maglev_Wagon_Unpowered | B3: =_xlfn.TEXTAFTER(CONTROL[[#This Row],[VEHIDCODE]],"_") -> Maglev_Wagon_Unpowered | C3: {="src\"&(_xlfn.LET(_xlpm.l,SUBSTITUTE(CONTROL[[#This Row],[VEHID_ID_CATEGORY]],"ID_RANGE_",""),_xlfn.IFS( _xlpm.l="RBS","Railbus\Railbus_Steam", _xlpm.l="RBD","Railbus\Railbus_Diesel", _xlpm.l="RBE","Railbus\Railbus_Electric", _xlpm.l="RBM","Railbus\Railbus_Maglev", _xlpm.l="STEAM","Steam", _xlpm.l="DIESEL","Diesel", OR(_xlpm.l="ELECTRIC", _xlpm.l="MULTIMETRO"),"Electric", _xlpm.l="MAGLEV","Maglev", _xlpm.l="MULTIMAGLEV","MMU", _xlpm.l="CARGODMU","CargoDMU", _xlpm.l="DMU","DMU", _xlpm.l="CARGOEMU","CargoEMU", _xlpm.l="EMU","EMU", _xlpm.l="MMU","MMU", _xlpm.l="SINGLEMETRO","Single_Metro", OR(ISNUMBER(SEARCH("_powered",CONTROL[[#This Row],[VEHIDCODE]])),ISNUMBER(SEARCH("_unpowered",CONTROL[[#This Row],[VEHIDCODE]]))),"Special", _xlpm.l="WAGONS","wagons\"&SUBSTITUTE(_xlfn.TEXTBEFORE(SUBSTITUTE(_xlfn.TEXTAFTER(CONTROL[[#This Row],[VEHIDCODE]],"_",2),"Service_Car","Service#Car"),"_"),"#","_"), _xlpm.l="WAGONS_MGLV","Wagons_Maglev\"&_xlfn.TEXTBEFORE(_xlfn.TEXTAFTER(CONTROL[[#This Row],[VEHIDCODE]],"_",2),"_"), _xlpm.l="COACHES","Coaches\"&_xlfn.TEXTBEFORE(_xlfn.TEXTAFTER(CONTROL[[#This Row],[VEHIDCODE]],"_",2),"_"), _xlpm.l="COACHES_MGLV","Coaches_Maglev\"&_xlfn.TEXTBEFORE(_xlfn.TEXTAFTER(CONTROL[[#This Row],[VEHIDCODE]],"_",2),"_") )))} -> src\Special | D3: {="ID_RANGE_"&_xlfn.IFS( ISNUMBER(SEARCH("mglv_maglev_wagon",CONTROL[[#This Row],[VEHIDCODE]])),"UNIT_WAGONS_MGLV", ISNUMBER(SEARCH("mu_mu_cargo_wagon",CONTROL[[#This Row],[VEHIDCODE]])),"UNIT_WAGONS_RAIL_CARGO", ISNUMBER(SEARCH("mtro_metro_wagon_",CONTROL[[#This Row],[VEHIDCODE]])),"UNIT_WAGONS_MTRO", ISNUMBER(SEARCH("mu_mu_wagon",CONTROL[[#This Row],[VEHIDCODE]])),"UNIT_WAGONS_RAIL", ISNUMBER(SEARCH("mu_wagon",CONTROL[[#This Row],[VEHIDCODE]])),"WAGONS", ISNUMBER(SEARCH("mu_coach",CONTROL[[#This Row],[VEHIDCODE]])),"COACHES", ISNUMBER(SEARCH("mglv_coach",CONTROL[[#This Row],[VEHIDCODE]])),"COACHES_MGLV", _xlfn.TEXTBEFORE(CONTROL[[#This Row],[VEHIDCODE]],"_")="rbs","RBS", _xlfn.TEXTBEFORE(CONTROL[[#This Row],[VEHIDCODE]],"_")="rbd","RBD", _xlfn.TEXTBEFORE(CONTROL[[#This Row],[VEHIDCODE]],"_")="rbe","RBE", _xlfn.TEXTBEFORE(CONTROL[[#This Row],[VEHIDCODE]],"_")="rbm","RBM", _xlfn.TEXTBEFORE(CONTROL[[#This Row],[VEHIDCODE]],"_")="steam","STEAM", _xlfn.TEXTBEFORE(CONTROL[[#This Row],[VEHIDCODE]],"_")="diesel","DIESEL", _xlfn.TEXTBEFORE(CONTROL[[#This Row],[VEHIDCODE]],"_")="electric","ELECTRIC", _xlfn.TEXTBEFORE(CONTROL[[#This Row],[VEHIDCODE]],"_")="mtro","MULTIMETRO", _xlfn.TEXTBEFORE(CONTROL[[#This Row],[VEHIDCODE]],"_")="singlemtro","SINGLEMETRO", _xlfn.TEXTBEFORE(CONTROL[[#This Row],[VEHIDCODE]],"_")="dmu","DMU", _xlfn.TEXTBEFORE(CONTROL[[#This Row],[VEHIDCODE]],"_")="cargodmu","CARGODMU", _xlfn.TEXTBEFORE(CONTROL[[#This Row],[VEHIDCODE]],"_")="emu","EMU", _xlfn.TEXTBEFORE(CONTROL[[#This Row],[VEHIDCODE]],"_")="cargoemu","CARGOEMU", _xlfn.TEXTBEFORE(CONTROL[[#This Row],[VEHIDCODE]],"_",2)="mglv_Wagon","WAGONS_MGLV", AND(_xlfn.TEXTBEFORE(CONTROL[[#This Row],[VEHIDCODE]],"_",1)="mglv",_xlfn.XLOOKUP(CONTROL[[#This Row],[VEHIDCODE]],PROPERTIES[VEHIDCODE],PROPERTIES[DUAL_HEADED])=0),"MAGLEV", _xlfn.TEXTBEFORE(CONTROL[[#This Row],[VEHIDCODE]],"_")="mmu","MMU")} -> ID_RANGE_UNIT_WAGONS_MGLV | E3: 13004 | F3: Maglev Unit Wagon | G3: NA | H3: =AND(CONTROL[[#This Row],[IS_WAGON_OR_COACH]]=TRUE,OR(RIGHT(CONTROL[[#This Row],[VEHIDCODE]],7)="Powered",RIGHT(CONTROL[[#This Row],[VEHIDCODE]],9)="Unpowered")) -> TRUE | I3: =OR(ISNUMBER(SEARCH("_wagon_powered",CONTROL[[#This Row],[VEHIDCODE]])),ISNUMBER(SEARCH("_wagon_unpowered",CONTROL[[#This Row],[VEHIDCODE]])),ISNUMBER(SEARCH("mu_wagon_",CONTROL[[#This Row],[VEHIDCODE]])),ISNUMBER(SEARCH("mglv_wagon_",CONTROL[[#This Row],[VEHIDCODE]])),ISNUMBER(SEARCH("mu_coach_",CONTROL[[#This Row],[VEHIDCODE]])),ISNUMBER(SEARCH("mglv_coach_",CONTROL[[#This Row],[VEHIDCODE]]))) -> TRUE | J3: =ISNUMBER(_xlfn.XMATCH(CONTROL[[#This Row],[VEHIDCODE]],TRACK_TYPES[VEHIDCODE],0)) -> TRUE | K3: =ISNUMBER(_xlfn.XMATCH(CONTROL[[#This Row],[VEHIDCODE]],PROPERTIES[VEHIDCODE],0)) -> TRUE | L3: =ISNUMBER(_xlfn.XLOOKUP(CONTROL[[#This Row],[VEHIDCODE]],roster!A:A,roster!D:D)) -> TRUE | M3: =ISNUMBER(_xlfn.XMATCH(CONTROL[[#This Row],[VEHIDCODE]],GRAPHICS_PROPERTIES[VEHIDCODE],0)) -> TRUE | N3: ="item_"&CONTROL[[#This Row],[VEHIDCODE]] -> item_mglv_Maglev_Wagon_Unpowered | O3: ="str_"&CONTROL[[#This Row],[VEHIDCODE]] -> str_mglv_Maglev_Wagon_Unpowered | P3: =_xlfn.XLOOKUP(CONTROL[[#This Row],[VEHIDCODE]],PROPERTIES[VEHIDCODE],PROPERTIES[IS_CONCEPT])="IS_CONCEPT" -> FALSE | Q3: =_xlfn.XLOOKUP(CONTROL[[#This Row],[VEHIDCODE]],PROPERTIES[VEHIDCODE],PROPERTIES[EXCLUDE]) -> FALSE | R3: {=_xlfn.XLOOKUP(CONTROL[[#This Row],[VEHIDCODE]],GRAPHICS_PROPERTIES[VEHIDCODE],GRAPHICS_PROPERTIES[TEMPLATE_ID]&GRAPHICS_PROPERTIES[TEMPLATE_AMENDMENT_CODE])} -> TPL_01F
A4: rbs_Komarek_NOLB_1 | B4: =_xlfn.TEXTAFTER(CONTROL[[#This Row],[VEHIDCODE]],"_") -> Komarek_NOLB_1 | C4: {="src\"&(_xlfn.LET(_xlpm.l,SUBSTITUTE(CONTROL[[#This Row],[VEHID_ID_CATEGORY]],"ID_RANGE_",""),_xlfn.IFS( _xlpm.l="RBS","Railbus\Railbus_Steam", _xlpm.l="RBD","Railbus\Railbus_Diesel", _xlpm.l="RBE","Railbus\Railbus_Electric", _xlpm.l="RBM","Railbus\Railbus_Maglev", _xlpm.l="STEAM","Steam", _xlpm.l="DIESEL","Diesel", OR(_xlpm.l="ELECTRIC", _xlpm.l="MULTIMETRO"),"Electric", _xlpm.l="MAGLEV","Maglev", _xlpm.l="MULTIMAGLEV","MMU", _xlpm.l="CARGODMU","CargoDMU", _xlpm.l="DMU","DMU", _xlpm.l="CARGOEMU","CargoEMU", _xlpm.l="EMU","EMU", _xlpm.l="MMU","MMU", _xlpm.l="SINGLEMETRO","Single_Metro", OR(ISNUMBER(SEARCH("_powered",CONTROL[[#This Row],[VEHIDCODE]])),ISNUMBER(SEARCH("_unpowered",CONTROL[[#This Row],[VEHIDCODE]]))),"Special", _xlpm.l="WAGONS","wagons\"&SUBSTITUTE(_xlfn.TEXTBEFORE(SUBSTITUTE(_xlfn.TEXTAFTER(CONTROL[[#This Row],[VEHIDCODE]],"_",2),"Service_Car","Service#Car"),"_"),"#","_"), _xlpm.l="WAGONS_MGLV","Wagons_Maglev\"&_xlfn.TEXTBEFORE(_xlfn.TEXTAFTER(CONTROL[[#This Row],[VEHIDCODE]],"_",2),"_"), _xlpm.l="COACHES","Coaches\"&_xlfn.TEXTBEFORE(_xlfn.TEXTAFTER(CONTROL[[#This Row],[VEHIDCODE]],"_",2),"_"), _xlpm.l="COACHES_MGLV","Coaches_Maglev\"&_xlfn.TEXTBEFORE(_xlfn.TEXTAFTER(CONTROL[[#This Row],[VEHIDCODE]],"_",2),"_") )))} -> src\Railbus\Railbus_Steam | D4: {="ID_RANGE_"&_xlfn.IFS( ISNUMBER(SEARCH("mglv_maglev_wagon",CONTROL[[#This Row],[VEHIDCODE]])),"UNIT_WAGONS_MGLV", ISNUMBER(SEARCH("mu_mu_cargo_wagon",CONTROL[[#This Row],[VEHIDCODE]])),"UNIT_WAGONS_RAIL_CARGO", ISNUMBER(SEARCH("mtro_metro_wagon_",CONTROL[[#This Row],[VEHIDCODE]])),"UNIT_WAGONS_MTRO", ISNUMBER(SEARCH("mu_mu_wagon",CONTROL[[#This Row],[VEHIDCODE]])),"UNIT_WAGONS_RAIL", ISNUMBER(SEARCH("mu_wagon",CONTROL[[#This Row],[VEHIDCODE]])),"WAGONS", ISNUMBER(SEARCH("mu_coach",CONTROL[[#This Row],[VEHIDCODE]])),"COACHES", ISNUMBER(SEARCH("mglv_coach",CONTROL[[#This Row],[VEHIDCODE]])),"COACHES_MGLV", _xlfn.TEXTBEFORE(CONTROL[[#This Row],[VEHIDCODE]],"_")="rbs","RBS", _xlfn.TEXTBEFORE(CONTROL[[#This Row],[VEHIDCODE]],"_")="rbd","RBD", _xlfn.TEXTBEFORE(CONTROL[[#This Row],[VEHIDCODE]],"_")="rbe","RBE", _xlfn.TEXTBEFORE(CONTROL[[#This Row],[VEHIDCODE]],"_")="rbm","RBM", _xlfn.TEXTBEFORE(CONTROL[[#This Row],[VEHIDCODE]],"_")="steam","STEAM", _xlfn.TEXTBEFORE(CONTROL[[#This Row],[VEHIDCODE]],"_")="diesel","DIESEL", _xlfn.TEXTBEFORE(CONTROL[[#This Row],[VEHIDCODE]],"_")="electric","ELECTRIC", _xlfn.TEXTBEFORE(CONTROL[[#This Row],[VEHIDCODE]],"_")="mtro","MULTIMETRO", _xlfn.TEXTBEFORE(CONTROL[[#This Row],[VEHIDCODE]],"_")="singlemtro","SINGLEMETRO", _xlfn.TEXTBEFORE(CONTROL[[#This Row],[VEHIDCODE]],"_")="dmu","DMU", _xlfn.TEXTBEFORE(CONTROL[[#This Row],[VEHIDCODE]],"_")="cargodmu","CARGODMU", _xlfn.TEXTBEFORE(CONTROL[[#This Row],[VEHIDCODE]],"_")="emu","EMU", _xlfn.TEXTBEFORE(CONTROL[[#This Row],[VEHIDCODE]],"_")="cargoemu","CARGOEMU", _xlfn.TEXTBEFORE(CONTROL[[#This Row],[VEHIDCODE]],"_",2)="mglv_Wagon","WAGONS_MGLV", AND(_xlfn.TEXTBEFORE(CONTROL[[#This Row],[VEHIDCODE]],"_",1)="mglv",_xlfn.XLOOKUP(CONTROL[[#This Row],[VEHIDCODE]],PROPERTIES[VEHIDCODE],PROPERTIES[DUAL_HEADED])=0),"MAGLEV", _xlfn.TEXTBEFORE(CONTROL[[#This Row],[VEHIDCODE]],"_")="mmu","MMU")} -> ID_RANGE_RBS | E4: 1000 | F4: Komarek NOLB 1 | G4: https://de.wikipedia.org/wiki/N%C3%96LB_1%E2%80%933 | H4: =AND(CONTROL[[#This Row],[IS_WAGON_OR_COACH]]=TRUE,OR(RIGHT(CONTROL[[#This Row],[VEHIDCODE]],7)="Powered",RIGHT(CONTROL[[#This Row],[VEHIDCODE]],9)="Unpowered")) -> FALSE | I4: =OR(ISNUMBER(SEARCH("_wagon_powered",CONTROL[[#This Row],[VEHIDCODE]])),ISNUMBER(SEARCH("_wagon_unpowered",CONTROL[[#This Row],[VEHIDCODE]])),ISNUMBER(SEARCH("mu_wagon_",CONTROL[[#This Row],[VEHIDCODE]])),ISNUMBER(SEARCH("mglv_wagon_",CONTROL[[#This Row],[VEHIDCODE]])),ISNUMBER(SEARCH("mu_coach_",CONTROL[[#This Row],[VEHIDCODE]])),ISNUMBER(SEARCH("mglv_coach_",CONTROL[[#This Row],[VEHIDCODE]]))) -> FALSE | J4: =ISNUMBER(_xlfn.XMATCH(CONTROL[[#This Row],[VEHIDCODE]],TRACK_TYPES[VEHIDCODE],0)) -> TRUE | K4: =ISNUMBER(_xlfn.XMATCH(CONTROL[[#This Row],[VEHIDCODE]],PROPERTIES[VEHIDCODE],0)) -> TRUE | L4: =ISNUMBER(_xlfn.XLOOKUP(CONTROL[[#This Row],[VEHIDCODE]],roster!A:A,roster!D:D)) -> TRUE | M4: =ISNUMBER(_xlfn.XMATCH(CONTROL[[#This Row],[VEHIDCODE]],GRAPHICS_PROPERTIES[VEHIDCODE],0)) -> TRUE | N4: ="item_"&CONTROL[[#This Row],[VEHIDCODE]] -> item_rbs_Komarek_NOLB_1 | O4: ="str_"&CONTROL[[#This Row],[VEHIDCODE]] -> str_rbs_Komarek_NOLB_1 | P4: =_xlfn.XLOOKUP(CONTROL[[#This Row],[VEHIDCODE]],PROPERTIES[VEHIDCODE],PROPERTIES[IS_CONCEPT])="IS_CONCEPT" -> FALSE | Q4: =_xlfn.XLOOKUP(CONTROL[[#This Row],[VEHIDCODE]],PROPERTIES[VEHIDCODE],PROPERTIES[EXCLUDE]) -> FALSE | R4: {=_xlfn.XLOOKUP(CONTROL[[#This Row],[VEHIDCODE]],GRAPHICS_PROPERTIES[VEHIDCODE],GRAPHICS_PROPERTIES[TEMPLATE_ID]&GRAPHICS_PROPERTIES[TEMPLATE_AMENDMENT_CODE])} -> TPL_01B
A5: rbs_Kerr__Stuart___Co__86 | B5: =_xlfn.TEXTAFTER(CONTROL[[#This Row],[VEHIDCODE]],"_") -> Kerr__Stuart___Co__86 | C5: {="src\"&(_xlfn.LET(_xlpm.l,SUBSTITUTE(CONTROL[[#This Row],[VEHID_ID_CATEGORY]],"ID_RANGE_",""),_xlfn.IFS( _xlpm.l="RBS","Railbus\Railbus_Steam", _xlpm.l="RBD","Railbus\Railbus_Diesel", _xlpm.l="RBE","Railbus\Railbus_Electric", _xlpm.l="RBM","Railbus\Railbus_Maglev", _xlpm.l="STEAM","Steam", _xlpm.l="DIESEL","Diesel", OR(_xlpm.l="ELECTRIC", _xlpm.l="MULTIMETRO"),"Electric", _xlpm.l="MAGLEV","Maglev", _xlpm.l="MULTIMAGLEV","MMU", _xlpm.l="CARGODMU","CargoDMU", _xlpm.l="DMU","DMU", _xlpm.l="CARGOEMU","CargoEMU", _xlpm.l="EMU","EMU", _xlpm.l="MMU","MMU", _xlpm.l="SINGLEMETRO","Single_Metro", OR(ISNUMBER(SEARCH("_powered",CONTROL[[#This Row],[VEHIDCODE]])),ISNUMBER(SEARCH("_unpowered",CONTROL[[#This Row],[VEHIDCODE]]))),"Special", _xlpm.l="WAGONS","wagons\"&SUBSTITUTE(_xlfn.TEXTBEFORE(SUBSTITUTE(_xlfn.TEXTAFTER(CONTROL[[#This Row],[VEHIDCODE]],"_",2),"Service_Car","Service#Car"),"_"),"#","_"), _xlpm.l="WAGONS_MGLV","Wagons_Maglev\"&_xlfn.TEXTBEFORE(_xlfn.TEXTAFTER(CONTROL[[#This Row],[VEHIDCODE]],"_",2),"_"), _xlpm.l="COACHES","Coaches\"&_xlfn.TEXTBEFORE(_xlfn.TEXTAFTER(CONTROL[[#This Row],[VEHIDCODE]],"_",2),"_"), _xlpm.l="COACHES_MGLV","Coaches_Maglev\"&_xlfn.TEXTBEFORE(_xlfn.TEXTAFTER(CONTROL[[#This Row],[VEHIDCODE]],"_",2),"_") )))} -> src\Railbus\Railbus_Steam | D5: {="ID_RANGE_"&_xlfn.IFS( ISNUMBER(SEARCH("mglv_maglev_wagon",CONTROL[[#This Row],[VEHIDCODE]])),"UNIT_WAGONS_MGLV", ISNUMBER(SEARCH("mu_mu_cargo_wagon",CONTROL[[#This Row],[VEHIDCODE]])),"UNIT_WAGONS_RAIL_CARGO", ISNUMBER(SEARCH("mtro_metro_wagon_",CONTROL[[#This Row],[VEHIDCODE]])),"UNIT_WAGONS_MTRO", ISNUMBER(SEARCH("mu_mu_wagon",CONTROL[[#This Row],[VEHIDCODE]])),"UNIT_WAGONS_RAIL", ISNUMBER(SEARCH("mu_wagon",CONTROL[[#This Row],[VEHIDCODE]])),"WAGONS", ISNUMBER(SEARCH("mu_coach",CONTROL[[#This Row],[VEHIDCODE]])),"COACHES", ISNUMBER(SEARCH("mglv_coach",CONTROL[[#This Row],[VEHIDCODE]])),"COACHES_MGLV", _xlfn.TEXTBEFORE(CONTROL[[#This Row],[VEHIDCODE]],"_")="rbs","RBS", _xlfn.TEXTBEFORE(CONTROL[[#This Row],[VEHIDCODE]],"_")="rbd","RBD", _xlfn.TEXTBEFORE(CONTROL[[#This Row],[VEHIDCODE]],"_")="rbe","RBE", _xlfn.TEXTBEFORE(CONTROL[[#This Row],[VEHIDCODE]],"_")="rbm","RBM", _xlfn.TEXTBEFORE(CONTROL[[#This Row],[VEHIDCODE]],"_")="steam","STEAM", _xlfn.TEXTBEFORE(CONTROL[[#This Row],[VEHIDCODE]],"_")="diesel","DIESEL", _xlfn.TEXTBEFORE(CONTROL[[#This Row],[VEHIDCODE]],"_")="electric","ELECTRIC", _xlfn.TEXTBEFORE(CONTROL[[#This Row],[VEHIDCODE]],"_")="mtro","MULTIMETRO", _xlfn.TEXTBEFORE(CONTROL[[#This Row],[VEHIDCODE]],"_")="singlemtro","SINGLEMETRO", _xlfn.TEXTBEFORE(CONTROL[[#This Row],[VEHIDCODE]],"_")="dmu","DMU", _xlfn.TEXTBEFORE(CONTROL[[#This Row],[VEHIDCODE]],"_")="cargodmu","CARGODMU", _xlfn.TEXTBEFORE(CONTROL[[#This Row],[VEHIDCODE]],"_")="emu","EMU", _xlfn.TEXTBEFORE(CONTROL[[#This Row],[VEHIDCODE]],"_")="cargoemu","CARGOEMU", _xlfn.TEXTBEFORE(CONTROL[[#This Row],[VEHIDCODE]],"_",2)="mglv_Wagon","WAGONS_MGLV", AND(_xlfn.TEXTBEFORE(CONTROL[[#This Row],[VEHIDCODE]],"_",1)="mglv",_xlfn.XLOOKUP(CONTROL[[#This Row],[VEHIDCODE]],PROPERTIES[VEHIDCODE],PROPERTIES[DUAL_HEADED])=0),"MAGLEV", _xlfn.TEXTBEFORE(CONTROL[[#This Row],[VEHIDCODE]],"_")="mmu","MMU")} -> ID_RANGE_RBS | E5: 1001 | F5: Kerr, Stuart & Co. 86 | G5: https://it.wikipedia.org/wiki/Automotrice_FS_86 | H5: =AND(CONTROL[[#This Row],[IS_WAGON_OR_COACH]]=TRUE,OR(RIGHT(CONTROL[[#This Row],[VEHIDCODE]],7)="Powered",RIGHT(CONTROL[[#This Row],[VEHIDCODE]],9)="Unpowered")) -> FALSE | I5: =OR(ISNUMBER(SEARCH("_wagon_powered",CONTROL[[#This Row],[VEHIDCODE]])),ISNUMBER(SEARCH("_wagon_unpowered",CONTROL[[#This Row],[VEHIDCODE]])),ISNUMBER(SEARCH("mu_wagon_",CONTROL[[#This Row],[VEHIDCODE]])),ISNUMBER(SEARCH("mglv_wagon_",CONTROL[[#This Row],[VEHIDCODE]])),ISNUMBER(SEARCH("mu_coach_",CONTROL[[#This Row],[VEHIDCODE]])),ISNUMBER(SEARCH("mglv_coach_",CONTROL[[#This Row],[VEHIDCODE]]))) -> FALSE | J5: =ISNUMBER(_xlfn.XMATCH(CONTROL[[#This Row],[VEHIDCODE]],TRACK_TYPES[VEHIDCODE],0)) -> TRUE | K5: =ISNUMBER(_xlfn.XMATCH(CONTROL[[#This Row],[VEHIDCODE]],PROPERTIES[VEHIDCODE],0)) -> TRUE | L5: =ISNUMBER(_xlfn.XLOOKUP(CONTROL[[#This Row],[VEHIDCODE]],roster!A:A,roster!D:D)) -> TRUE | M5: =ISNUMBER(_xlfn.XMATCH(CONTROL[[#This Row],[VEHIDCODE]],GRAPHICS_PROPERTIES[VEHIDCODE],0)) -> TRUE | N5: ="item_"&CONTROL[[#This Row],[VEHIDCODE]] -> item_rbs_Kerr__Stuart___Co__86 | O5: ="str_"&CONTROL[[#This Row],[VEHIDCODE]] -> str_rbs_Kerr__Stuart___Co__86 | P5: =_xlfn.XLOOKUP(CONTROL[[#This Row],[VEHIDCODE]],PROPERTIES[VEHIDCODE],PROPERTIES[IS_CONCEPT])="IS_CONCEPT" -> FALSE | Q5: =_xlfn.XLOOKUP(CONTROL[[#This Row],[VEHIDCODE]],PROPERTIES[VEHIDCODE],PROPERTIES[EXCLUDE]) -> FALSE | R5: {=_xlfn.XLOOKUP(CONTROL[[#This Row],[VEHIDCODE]],GRAPHICS_PROPERTIES[VEHIDCODE],GRAPHICS_PROPERTIES[TEMPLATE_ID]&GRAPHICS_PROPERTIES[TEMPLATE_AMENDMENT_CODE])} -> TPL_03C
A6: rbs_Victorian_Railways_Rowan_Railmotor | B6: =_xlfn.TEXTAFTER(CONTROL[[#This Row],[VEHIDCODE]],"_") -> Victorian_Railways_Rowan_Railmotor | C6: {="src\"&(_xlfn.LET(_xlpm.l,SUBSTITUTE(CONTROL[[#This Row],[VEHID_ID_CATEGORY]],"ID_RANGE_",""),_xlfn.IFS( _xlpm.l="RBS","Railbus\Railbus_Steam", _xlpm.l="RBD","Railbus\Railbus_Diesel", _xlpm.l="RBE","Railbus\Railbus_Electric", _xlpm.l="RBM","Railbus\Railbus_Maglev", _xlpm.l="STEAM","Steam", _xlpm.l="DIESEL","Diesel", OR(_xlpm.l="ELECTRIC", _xlpm.l="MULTIMETRO"),"Electric", _xlpm.l="MAGLEV","Maglev", _xlpm.l="MULTIMAGLEV","MMU", _xlpm.l="CARGODMU","CargoDMU", _xlpm.l="DMU","DMU", _xlpm.l="CARGOEMU","CargoEMU", _xlpm.l="EMU","EMU", _xlpm.l="MMU","MMU", _xlpm.l="SINGLEMETRO","Single_Metro", OR(ISNUMBER(SEARCH("_powered",CONTROL[[#This Row],[VEHIDCODE]])),ISNUMBER(SEARCH("_unpowered",CONTROL[[#This Row],[VEHIDCODE]]))),"Special", _xlpm.l="WAGONS","wagons\"&SUBSTITUTE(_xlfn.TEXTBEFORE(SUBSTITUTE(_xlfn.TEXTAFTER(CONTROL[[#This Row],[VEHIDCODE]],"_",2),"Service_Car","Service#Car"),"_"),"#","_"), _xlpm.l="WAGONS_MGLV","Wagons_Maglev\"&_xlfn.TEXTBEFORE(_xlfn.TEXTAFTER(CONTROL[[#This Row],[VEHIDCODE]],"_",2),"_"), _xlpm.l="COACHES","Coaches\"&_xlfn.TEXTBEFORE(_xlfn.TEXTAFTER(CONTROL[[#This Row],[VEHIDCODE]],"_",2),"_"), _xlpm.l="COACHES_MGLV","Coaches_Maglev\"&_xlfn.TEXTBEFORE(_xlfn.TEXTAFTER(CONTROL[[#This Row],[VEHIDCODE]],"_",2),"_") )))} -> src\Railbus\Railbus_Steam | D6: {="ID_RANGE_"&_xlfn.IFS( ISNUMBER(SEARCH("mglv_maglev_wagon",CONTROL[[#This Row],[VEHIDCODE]])),"UNIT_WAGONS_MGLV", ISNUMBER(SEARCH("mu_mu_cargo_wagon",CONTROL[[#This Row],[VEHIDCODE]])),"UNIT_WAGONS_RAIL_CARGO", ISNUMBER(SEARCH("mtro_metro_wagon_",CONTROL[[#This Row],[VEHIDCODE]])),"UNIT_WAGONS_MTRO", ISNUMBER(SEARCH("mu_mu_wagon",CONTROL[[#This Row],[VEHIDCODE]])),"UNIT_WAGONS_RAIL", ISNUMBER(SEARCH("mu_wagon",CONTROL[[#This Row],[VEHIDCODE]])),"WAGONS", ISNUMBER(SEARCH("mu_coach",CONTROL[[#This Row],[VEHIDCODE]])),"COACHES", ISNUMBER(SEARCH("mglv_coach",CONTROL[[#This Row],[VEHIDCODE]])),"COACHES_MGLV", _xlfn.TEXTBEFORE(CONTROL[[#This Row],[VEHIDCODE]],"_")="rbs","RBS", _xlfn.TEXTBEFORE(CONTROL[[#This Row],[VEHIDCODE]],"_")="rbd","RBD", _xlfn.TEXTBEFORE(CONTROL[[#This Row],[VEHIDCODE]],"_")="rbe","RBE", _xlfn.TEXTBEFORE(CONTROL[[#This Row],[VEHIDCODE]],"_")="rbm","RBM", _xlfn.TEXTBEFORE(CONTROL[[#This Row],[VEHIDCODE]],"_")="steam","STEAM", _xlfn.TEXTBEFORE(CONTROL[[#This Row],[VEHIDCODE]],"_")="diesel","DIESEL", _xlfn.TEXTBEFORE(CONTROL[[#This Row],[VEHIDCODE]],"_")="electric","ELECTRIC", _xlfn.TEXTBEFORE(CONTROL[[#This Row],[VEHIDCODE]],"_")="mtro","MULTIMETRO", _xlfn.TEXTBEFORE(CONTROL[[#This Row],[VEHIDCODE]],"_")="singlemtro","SINGLEMETRO", _xlfn.TEXTBEFORE(CONTROL[[#This Row],[VEHIDCODE]],"_")="dmu","DMU", _xlfn.TEXTBEFORE(CONTROL[[#This Row],[VEHIDCODE]],"_")="cargodmu","CARGODMU", _xlfn.TEXTBEFORE(CONTROL[[#This Row],[VEHIDCODE]],"_")="emu","EMU", _xlfn.TEXTBEFORE(CONTROL[[#This Row],[VEHIDCODE]],"_")="cargoemu","CARGOEMU", _xlfn.TEXTBEFORE(CONTROL[[#This Row],[VEHIDCODE]],"_",2)="mglv_Wagon","WAGONS_MGLV", AND(_xlfn.TEXTBEFORE(CONTROL[[#This Row],[VEHIDCODE]],"_",1)="mglv",_xlfn.XLOOKUP(CONTROL[[#This Row],[VEHIDCODE]],PROPERTIES[VEHIDCODE],PROPERTIES[DUAL_HEADED])=0),"MAGLEV", _xlfn.TEXTBEFORE(CONTROL[[#This Row],[VEHIDCODE]],"_")="mmu","MMU")} -> ID_RANGE_RBS | E6: 1002 | F6: Victorian Railways Rowan Railmotor | G6: https://en.wikipedia.org/wiki/Rowan_steam_railmotor | H6: =AND(CONTROL[[#This Row],[IS_WAGON_OR_COACH]]=TRUE,OR(RIGHT(CONTROL[[#This Row],[VEHIDCODE]],7)="Powered",RIGHT(CONTROL[[#This Row],[VEHIDCODE]],9)="Unpowered")) -> FALSE | I6: =OR(ISNUMBER(SEARCH("_wagon_powered",CONTROL[[#This Row],[VEHIDCODE]])),ISNUMBER(SEARCH("_wagon_unpowered",CONTROL[[#This Row],[VEHIDCODE]])),ISNUMBER(SEARCH("mu_wagon_",CONTROL[[#This Row],[VEHIDCODE]])),ISNUMBER(SEARCH("mglv_wagon_",CONTROL[[#This Row],[VEHIDCODE]])),ISNUMBER(SEARCH("mu_coach_",CONTROL[[#This Row],[VEHIDCODE]])),ISNUMBER(SEARCH("mglv_coach_",CONTROL[[#This Row],[VEHIDCODE]]))) -> FALSE | J6: =ISNUMBER(_xlfn.XMATCH(CONTROL[[#This Row],[VEHIDCODE]],TRACK_TYPES[VEHIDCODE],0)) -> TRUE | K6: =ISNUMBER(_xlfn.XMATCH(CONTROL[[#This Row],[VEHIDCODE]],PROPERTIES[VEHIDCODE],0)) -> TRUE | L6: =ISNUMBER(_xlfn.XLOOKUP(CONTROL[[#This Row],[VEHIDCODE]],roster!A:A,roster!D:D)) -> TRUE | M6: =ISNUMBER(_xlfn.XMATCH(CONTROL[[#This Row],[VEHIDCODE]],GRAPHICS_PROPERTIES[VEHIDCODE],0)) -> TRUE | N6: ="item_"&CONTROL[[#This Row],[VEHIDCODE]] -> item_rbs_Victorian_Railways_Rowan_Railmotor | O6: ="str_"&CONTROL[[#This Row],[VEHIDCODE]] -> str_rbs_Victorian_Railways_Rowan_Railmotor | P6: =_xlfn.XLOOKUP(CONTROL[[#This Row],[VEHIDCODE]],PROPERTIES[VEHIDCODE],PROPERTIES[IS_CONCEPT])="IS_CONCEPT" -> FALSE | Q6: =_xlfn.XLOOKUP(CONTROL[[#This Row],[VEHIDCODE]],PROPERTIES[VEHIDCODE],PROPERTIES[EXCLUDE]) -> FALSE | R6: {=_xlfn.XLOOKUP(CONTROL[[#This Row],[VEHIDCODE]],GRAPHICS_PROPERTIES[VEHIDCODE],GRAPHICS_PROPERTIES[TEMPLATE_ID]&GRAPHICS_PROPERTIES[TEMPLATE_AMENDMENT_CODE])} -> TPL_03C
A7: rbs_Esslingen_Czm_1_2 | B7: =_xlfn.TEXTAFTER(CONTROL[[#This Row],[VEHIDCODE]],"_") -> Esslingen_Czm_1_2 | C7: {="src\"&(_xlfn.LET(_xlpm.l,SUBSTITUTE(CONTROL[[#This Row],[VEHID_ID_CATEGORY]],"ID_RANGE_",""),_xlfn.IFS( _xlpm.l="RBS","Railbus\Railbus_Steam", _xlpm.l="RBD","Railbus\Railbus_Diesel", _xlpm.l="RBE","Railbus\Railbus_Electric", _xlpm.l="RBM","Railbus\Railbus_Maglev", _xlpm.l="STEAM","Steam", _xlpm.l="DIESEL","Diesel", OR(_xlpm.l="ELECTRIC", _xlpm.l="MULTIMETRO"),"Electric", _xlpm.l="MAGLEV","Maglev", _xlpm.l="MULTIMAGLEV","MMU", _xlpm.l="CARGODMU","CargoDMU", _xlpm.l="DMU","DMU", _xlpm.l="CARGOEMU","CargoEMU", _xlpm.l="EMU","EMU", _xlpm.l="MMU","MMU", _xlpm.l="SINGLEMETRO","Single_Metro", OR(ISNUMBER(SEARCH("_powered",CONTROL[[#This Row],[VEHIDCODE]])),ISNUMBER(SEARCH("_unpowered",CONTROL[[#This Row],[VEHIDCODE]]))),"Special", _xlpm.l="WAGONS","wagons\"&SUBSTITUTE(_xlfn.TEXTBEFORE(SUBSTITUTE(_xlfn.TEXTAFTER(CONTROL[[#This Row],[VEHIDCODE]],"_",2),"Service_Car","Service#Car"),"_"),"#","_"), _xlpm.l="WAGONS_MGLV","Wagons_Maglev\"&_xlfn.TEXTBEFORE(_xlfn.TEXTAFTER(CONTROL[[#This Row],[VEHIDCODE]],"_",2),"_"), _xlpm.l="COACHES","Coaches\"&_xlfn.TEXTBEFORE(_xlfn.TEXTAFTER(CONTROL[[#This Row],[VEHIDCODE]],"_",2),"_"), _xlpm.l="COACHES_MGLV","Coaches_Maglev\"&_xlfn.TEXTBEFORE(_xlfn.TEXTAFTER(CONTROL[[#This Row],[VEHIDCODE]],"_",2),"_") )))} -> src\Railbus\Railbus_Steam | D7: {="ID_RANGE_"&_xlfn.IFS( ISNUMBER(SEARCH("mglv_maglev_wagon",CONTROL[[#This Row],[VEHIDCODE]])),"UNIT_WAGONS_MGLV", ISNUMBER(SEARCH("mu_mu_cargo_wagon",CONTROL[[#This Row],[VEHIDCODE]])),"UNIT_WAGONS_RAIL_CARGO", ISNUMBER(SEARCH("mtro_metro_wagon_",CONTROL[[#This Row],[VEHIDCODE]])),"UNIT_WAGONS_MTRO", ISNUMBER(SEARCH("mu_mu_wagon",CONTROL[[#This Row],[VEHIDCODE]])),"UNIT_WAGONS_RAIL", ISNUMBER(SEARCH("mu_wagon",CONTROL[[#This Row],[VEHIDCODE]])),"WAGONS", ISNUMBER(SEARCH("mu_coach",CONTROL[[#This Row],[VEHIDCODE]])),"COACHES", ISNUMBER(SEARCH("mglv_coach",CONTROL[[#This Row],[VEHIDCODE]])),"COACHES_MGLV", _xlfn.TEXTBEFORE(CONTROL[[#This Row],[VEHIDCODE]],"_")="rbs","RBS", _xlfn.TEXTBEFORE(CONTROL[[#This Row],[VEHIDCODE]],"_")="rbd","RBD", _xlfn.TEXTBEFORE(CONTROL[[#This Row],[VEHIDCODE]],"_")="rbe","RBE", _xlfn.TEXTBEFORE(CONTROL[[#This Row],[VEHIDCODE]],"_")="rbm","RBM", _xlfn.TEXTBEFORE(CONTROL[[#This Row],[VEHIDCODE]],"_")="steam","STEAM", _xlfn.TEXTBEFORE(CONTROL[[#This Row],[VEHIDCODE]],"_")="diesel","DIESEL", _xlfn.TEXTBEFORE(CONTROL[[#This Row],[VEHIDCODE]],"_")="electric","ELECTRIC", _xlfn.TEXTBEFORE(CONTROL[[#This Row],[VEHIDCODE]],"_")="mtro","MULTIMETRO", _xlfn.TEXTBEFORE(CONTROL[[#This Row],[VEHIDCODE]],"_")="singlemtro","SINGLEMETRO", _xlfn.TEXTBEFORE(CONTROL[[#This Row],[VEHIDCODE]],"_")="dmu","DMU", _xlfn.TEXTBEFORE(CONTROL[[#This Row],[VEHIDCODE]],"_")="cargodmu","CARGODMU", _xlfn.TEXTBEFORE(CONTROL[[#This Row],[VEHIDCODE]],"_")="emu","EMU", _xlfn.TEXTBEFORE(CONTROL[[#This Row],[VEHIDCODE]],"_")="cargoemu","CARGOEMU", _xlfn.TEXTBEFORE(CONTROL[[#This Row],[VEHIDCODE]],"_",2)="mglv_Wagon","WAGONS_MGLV", AND(_xlfn.TEXTBEFORE(CONTROL[[#This Row],[VEHIDCODE]],"_",1)="mglv",_xlfn.XLOOKUP(CONTROL[[#This Row],[VEHIDCODE]],PROPERTIES[VEHIDCODE],PROPERTIES[DUAL_HEADED])=0),"MAGLEV", _xlfn.TEXTBEFORE(CONTROL[[#This Row],[VEHIDCODE]],"_")="mmu","MMU")} -> ID_RANGE_RBS | E7: 1003 | F7: Esslingen Czm 1/2 | G7: https://de.wikipedia.org/wiki/UeBB_CZm_1/2 | H7: =AND(CONTROL[[#This Row],[IS_WAGON_OR_COACH]]=TRUE,OR(RIGHT(CONTROL[[#This Row],[VEHIDCODE]],7)="Powered",RIGHT(CONTROL[[#This Row],[VEHIDCODE]],9)="Unpowered")) -> FALSE | I7: =OR(ISNUMBER(SEARCH("_wagon_powered",CONTROL[[#This Row],[VEHIDCODE]])),ISNUMBER(SEARCH("_wagon_unpowered",CONTROL[[#This Row],[VEHIDCODE]])),ISNUMBER(SEARCH("mu_wagon_",CONTROL[[#This Row],[VEHIDCODE]])),ISNUMBER(SEARCH("mglv_wagon_",CONTROL[[#This Row],[VEHIDCODE]])),ISNUMBER(SEARCH("mu_coach_",CONTROL[[#This Row],[VEHIDCODE]])),ISNUMBER(SEARCH("mglv_coach_",CONTROL[[#This Row],[VEHIDCODE]]))) -> FALSE | J7: =ISNUMBER(_xlfn.XMATCH(CONTROL[[#This Row],[VEHIDCODE]],TRACK_TYPES[VEHIDCODE],0)) -> TRUE | K7: =ISNUMBER(_xlfn.XMATCH(CONTROL[[#This Row],[VEHIDCODE]],PROPERTIES[VEHIDCODE],0)) -> TRUE | L7: =ISNUMBER(_xlfn.XLOOKUP(CONTROL[[#This Row],[VEHIDCODE]],roster!A:A,roster!D:D)) -> TRUE | M7: =ISNUMBER(_xlfn.XMATCH(CONTROL[[#This Row],[VEHIDCODE]],GRAPHICS_PROPERTIES[VEHIDCODE],0)) -> TRUE | N7: ="item_"&CONTROL[[#This Row],[VEHIDCODE]] -> item_rbs_Esslingen_Czm_1_2 | O7: ="str_"&CONTROL[[#This Row],[VEHIDCODE]] -> str_rbs_Esslingen_Czm_1_2 | P7: =_xlfn.XLOOKUP(CONTROL[[#This Row],[VEHIDCODE]],PROPERTIES[VEHIDCODE],PROPERTIES[IS_CONCEPT])="IS_CONCEPT" -> FALSE | Q7: =_xlfn.XLOOKUP(CONTROL[[#This Row],[VEHIDCODE]],PROPERTIES[VEHIDCODE],PROPERTIES[EXCLUDE]) -> FALSE | R7: {=_xlfn.XLOOKUP(CONTROL[[#This Row],[VEHIDCODE]],GRAPHICS_PROPERTIES[VEHIDCODE],GRAPHICS_PROPERTIES[TEMPLATE_ID]&GRAPHICS_PROPERTIES[TEMPLATE_AMENDMENT_CODE])} -> TPL_03C
A8: rbs_Maffei_MCCi | B8: =_xlfn.TEXTAFTER(CONTROL[[#This Row],[VEHIDCODE]],"_") -> Maffei_MCCi | C8: {="src\"&(_xlfn.LET(_xlpm.l,SUBSTITUTE(CONTROL[[#This Row],[VEHID_ID_CATEGORY]],"ID_RANGE_",""),_xlfn.IFS( _xlpm.l="RBS","Railbus\Railbus_Steam", _xlpm.l="RBD","Railbus\Railbus_Diesel", _xlpm.l="RBE","Railbus\Railbus_Electric", _xlpm.l="RBM","Railbus\Railbus_Maglev", _xlpm.l="STEAM","Steam", _xlpm.l="DIESEL","Diesel", OR(_xlpm.l="ELECTRIC", _xlpm.l="MULTIMETRO"),"Electric", _xlpm.l="MAGLEV","Maglev", _xlpm.l="MULTIMAGLEV","MMU", _xlpm.l="CARGODMU","CargoDMU", _xlpm.l="DMU","DMU", _xlpm.l="CARGOEMU","CargoEMU", _xlpm.l="EMU","EMU", _xlpm.l="MMU","MMU", _xlpm.l="SINGLEMETRO","Single_Metro", OR(ISNUMBER(SEARCH("_powered",CONTROL[[#This Row],[VEHIDCODE]])),ISNUMBER(SEARCH("_unpowered",CONTROL[[#This Row],[VEHIDCODE]]))),"Special", _xlpm.l="WAGONS","wagons\"&SUBSTITUTE(_xlfn.TEXTBEFORE(SUBSTITUTE(_xlfn.TEXTAFTER(CONTROL[[#This Row],[VEHIDCODE]],"_",2),"Service_Car","Service#Car"),"_"),"#","_"), _xlpm.l="WAGONS_MGLV","Wagons_Maglev\"&_xlfn.TEXTBEFORE(_xlfn.TEXTAFTER(CONTROL[[#This Row],[VEHIDCODE]],"_",2),"_"), _xlpm.l="COACHES","Coaches\"&_xlfn.TEXTBEFORE(_xlfn.TEXTAFTER(CONTROL[[#This Row],[VEHIDCODE]],"_",2),"_"), _xlpm.l="COACHES_MGLV","Coaches_Maglev\"&_xlfn.TEXTBEFORE(_xlfn.TEXTAFTER(CONTROL[[#This Row],[VEHIDCODE]],"_",2),"_") )))} -> src\Railbus\Railbus_Steam | D8: {="ID_RANGE_"&_xlfn.IFS( ISNUMBER(SEARCH("mglv_maglev_wagon",CONTROL[[#This Row],[VEHIDCODE]])),"UNIT_WAGONS_MGLV", ISNUMBER(SEARCH("mu_mu_cargo_wagon",CONTROL[[#This Row],[VEHIDCODE]])),"UNIT_WAGONS_RAIL_CARGO", ISNUMBER(SEARCH("mtro_metro_wagon_",CONTROL[[#This Row],[VEHIDCODE]])),"UNIT_WAGONS_MTRO", ISNUMBER(SEARCH("mu_mu_wagon",CONTROL[[#This Row],[VEHIDCODE]])),"UNIT_WAGONS_RAIL", ISNUMBER(SEARCH("mu_wagon",CONTROL[[#This Row],[VEHIDCODE]])),"WAGONS", ISNUMBER(SEARCH("mu_coach",CONTROL[[#This Row],[VEHIDCODE]])),"COACHES", ISNUMBER(SEARCH("mglv_coach",CONTROL[[#This Row],[VEHIDCODE]])),"COACHES_MGLV", _xlfn.TEXTBEFORE(CONTROL[[#This Row],[VEHIDCODE]],"_")="rbs","RBS", _xlfn.TEXTBEFORE(CONTROL[[#This Row],[VEHIDCODE]],"_")="rbd","RBD", _xlfn.TEXTBEFORE(CONTROL[[#This Row],[VEHIDCODE]],"_")="rbe","RBE", _xlfn.TEXTBEFORE(CONTROL[[#This Row],[VEHIDCODE]],"_")="rbm","RBM", _xlfn.TEXTBEFORE(CONTROL[[#This Row],[VEHIDCODE]],"_")="steam","STEAM", _xlfn.TEXTBEFORE(CONTROL[[#This Row],[VEHIDCODE]],"_")="diesel","DIESEL", _xlfn.TEXTBEFORE(CONTROL[[#This Row],[VEHIDCODE]],"_")="electric","ELECTRIC", _xlfn.TEXTBEFORE(CONTROL[[#This Row],[VEHIDCODE]],"_")="mtro","MULTIMETRO", _xlfn.TEXTBEFORE(CONTROL[[#This Row],[VEHIDCODE]],"_")="singlemtro","SINGLEMETRO", _xlfn.TEXTBEFORE(CONTROL[[#This Row],[VEHIDCODE]],"_")="dmu","DMU", _xlfn.TEXTBEFORE(CONTROL[[#This Row],[VEHIDCODE]],"_")="cargodmu","CARGODMU", _xlfn.TEXTBEFORE(CONTROL[[#This Row],[VEHIDCODE]],"_")="emu","EMU", _xlfn.TEXTBEFORE(CONTROL[[#This Row],[VEHIDCODE]],"_")="cargoemu","CARGOEMU", _xlfn.TEXTBEFORE(CONTROL[[#This Row],[VEHIDCODE]],"_",2)="mglv_Wagon","WAGONS_MGLV", AND(_xlfn.TEXTBEFORE(CONTROL[[#This Row],[VEHIDCODE]],"_",1)="mglv",_xlfn.XLOOKUP(CONTROL[[#This Row],[VEHIDCODE]],PROPERTIES[VEHIDCODE],PROPERTIES[DUAL_HEADED])=0),"MAGLEV", _xlfn.TEXTBEFORE(CONTROL[[#This Row],[VEHIDCODE]],"_")="mmu","MMU")} -> ID_RANGE_RBS | E8: 1004 | F8: Maffei MCCi | G8: https://en.wikipedia.org/wiki/Bavarian_MCCi | H8: =AND(CONTROL[[#This Row],[IS_WAGON_OR_COACH]]=TRUE,OR(RIGHT(CONTROL[[#This Row],[VEHIDCODE]],7)="Powered",RIGHT(CONTROL[[#This Row],[VEHIDCODE]],9)="Unpowered")) -> FALSE | I8: =OR(ISNUMBER(SEARCH("_wagon_powered",CONTROL[[#This Row],[VEHIDCODE]])),ISNUMBER(SEARCH("_wagon_unpowered",CONTROL[[#This Row],[VEHIDCODE]])),ISNUMBER(SEARCH("mu_wagon_",CONTROL[[#This Row],[VEHIDCODE]])),ISNUMBER(SEARCH("mglv_wagon_",CONTROL[[#This Row],[VEHIDCODE]])),ISNUMBER(SEARCH("mu_coach_",CONTROL[[#This Row],[VEHIDCODE]])),ISNUMBER(SEARCH("mglv_coach_",CONTROL[[#This Row],[VEHIDCODE]]))) -> FALSE | J8: =ISNUMBER(_xlfn.XMATCH(CONTROL[[#This Row],[VEHIDCODE]],TRACK_TYPES[VEHIDCODE],0)) -> TRUE | K8: =ISNUMBER(_xlfn.XMATCH(CONTROL[[#This Row],[VEHIDCODE]],PROPERTIES[VEHIDCODE],0)) -> TRUE | L8: =ISNUMBER(_xlfn.XLOOKUP(CONTROL[[#This Row],[VEHIDCODE]],roster!A:A,roster!D:D)) -> TRUE | M8: =ISNUMBER(_xlfn.XMATCH(CONTROL[[#This Row],[VEHIDCODE]],GRAPHICS_PROPERTIES[VEHIDCODE],0)) -> TRUE | N8: ="item_"&CONTROL[[#This Row],[VEHIDCODE]] -> item_rbs_Maffei_MCCi | O8: ="str_"&CONTROL[[#This Row],[VEHIDCODE]] -> str_rbs_Maffei_MCCi | P8: =_xlfn.XLOOKUP(CONTROL[[#This Row],[VEHIDCODE]],PROPERTIES[VEHIDCODE],PROPERTIES[IS_CONCEPT])="IS_CONCEPT" -> FALSE | Q8: =_xlfn.XLOOKUP(CONTROL[[#This Row],[VEHIDCODE]],PROPERTIES[VEHIDCODE],PROPERTIES[EXCLUDE]) -> FALSE | R8: {=_xlfn.XLOOKUP(CONTROL[[#This Row],[VEHIDCODE]],GRAPHICS_PROPERTIES[VEHIDCODE],GRAPHICS_PROPERTIES[TEMPLATE_ID]&GRAPHICS_PROPERTIES[TEMPLATE_AMENDMENT_CODE])} -> TPL_01B
A9: rbs_Kitson___Co_CSAR_Railmotor | B9: =_xlfn.TEXTAFTER(CONTROL[[#This Row],[VEHIDCODE]],"_") -> Kitson___Co_CSAR_Railmotor | C9: {="src\"&(_xlfn.LET(_xlpm.l,SUBSTITUTE(CONTROL[[#This Row],[VEHID_ID_CATEGORY]],"ID_RANGE_",""),_xlfn.IFS( _xlpm.l="RBS","Railbus\Railbus_Steam", _xlpm.l="RBD","Railbus\Railbus_Diesel", _xlpm.l="RBE","Railbus\Railbus_Electric", _xlpm.l="RBM","Railbus\Railbus_Maglev", _xlpm.l="STEAM","Steam", _xlpm.l="DIESEL","Diesel", OR(_xlpm.l="ELECTRIC", _xlpm.l="MULTIMETRO"),"Electric", _xlpm.l="MAGLEV","Maglev", _xlpm.l="MULTIMAGLEV","MMU", _xlpm.l="CARGODMU","CargoDMU", _xlpm.l="DMU","DMU", _xlpm.l="CARGOEMU","CargoEMU", _xlpm.l="EMU","EMU", _xlpm.l="MMU","MMU", _xlpm.l="SINGLEMETRO","Single_Metro", OR(ISNUMBER(SEARCH("_powered",CONTROL[[#This Row],[VEHIDCODE]])),ISNUMBER(SEARCH("_unpowered",CONTROL[[#This Row],[VEHIDCODE]]))),"Special", _xlpm.l="WAGONS","wagons\"&SUBSTITUTE(_xlfn.TEXTBEFORE(SUBSTITUTE(_xlfn.TEXTAFTER(CONTROL[[#This Row],[VEHIDCODE]],"_",2),"Service_Car","Service#Car"),"_"),"#","_"), _xlpm.l="WAGONS_MGLV","Wagons_Maglev\"&_xlfn.TEXTBEFORE(_xlfn.TEXTAFTER(CONTROL[[#This Row],[VEHIDCODE]],"_",2),"_"), _xlpm.l="COACHES","Coaches\"&_xlfn.TEXTBEFORE(_xlfn.TEXTAFTER(CONTROL[[#This Row],[VEHIDCODE]],"_",2),"_"), _xlpm.l="COACHES_MGLV","Coaches_Maglev\"&_xlfn.TEXTBEFORE(_xlfn.TEXTAFTER(CONTROL[[#This Row],[VEHIDCODE]],"_",2),"_") )))} -> src\Railbus\Railbus_Steam | D9: {="ID_RANGE_"&_xlfn.IFS( ISNUMBER(SEARCH("mglv_maglev_wagon",CONTROL[[#This Row],[VEHIDCODE]])),"UNIT_WAGONS_MGLV", ISNUMBER(SEARCH("mu_mu_cargo_wagon",CONTROL[[#This Row],[VEHIDCODE]])),"UNIT_WAGONS_RAIL_CARGO", ISNUMBER(SEARCH("mtro_metro_wagon_",CONTROL[[#This Row],[VEHIDCODE]])),"UNIT_WAGONS_MTRO", ISNUMBER(SEARCH("mu_mu_wagon",CONTROL[[#This Row],[VEHIDCODE]])),"UNIT_WAGONS_RAIL", ISNUMBER(SEARCH("mu_wagon",CONTROL[[#This Row],[VEHIDCODE]])),"WAGONS", ISNUMBER(SEARCH("mu_coach",CONTROL[[#This Row],[VEHIDCODE]])),"COACHES", ISNUMBER(SEARCH("mglv_coach",CONTROL[[#This Row],[VEHIDCODE]])),"COACHES_MGLV", _xlfn.TEXTBEFORE(CONTROL[[#This Row],[VEHIDCODE]],"_")="rbs","RBS", _xlfn.TEXTBEFORE(CONTROL[[#This Row],[VEHIDCODE]],"_")="rbd","RBD", _xlfn.TEXTBEFORE(CONTROL[[#This Row],[VEHIDCODE]],"_")="rbe","RBE", _xlfn.TEXTBEFORE(CONTROL[[#This Row],[VEHIDCODE]],"_")="rbm","RBM", _xlfn.TEXTBEFORE(CONTROL[[#This Row],[VEHIDCODE]],"_")="steam","STEAM", _xlfn.TEXTBEFORE(CONTROL[[#This Row],[VEHIDCODE]],"_")="diesel","DIESEL", _xlfn.TEXTBEFORE(CONTROL[[#This Row],[VEHIDCODE]],"_")="electric","ELECTRIC", _xlfn.TEXTBEFORE(CONTROL[[#This Row],[VEHIDCODE]],"_")="mtro","MULTIMETRO", _xlfn.TEXTBEFORE(CONTROL[[#This Row],[VEHIDCODE]],"_")="singlemtro","SINGLEMETRO", _xlfn.TEXTBEFORE(CONTROL[[#This Row],[VEHIDCODE]],"_")="dmu","DMU", _xlfn.TEXTBEFORE(CONTROL[[#This Row],[VEHIDCODE]],"_")="cargodmu","CARGODMU", _xlfn.TEXTBEFORE(CONTROL[[#This Row],[VEHIDCODE]],"_")="emu","EMU", _xlfn.TEXTBEFORE(CONTROL[[#This Row],[VEHIDCODE]],"_")="cargoemu","CARGOEMU", _xlfn.TEXTBEFORE(CONTROL[[#This Row],[VEHIDCODE]],"_",2)="mglv_Wagon","WAGONS_MGLV", AND(_xlfn.TEXTBEFORE(CONTROL[[#This Row],[VEHIDCODE]],"_",1)="mglv",_xlfn.XLOOKUP(CONTROL[[#This Row],[VEHIDCODE]],PROPERTIES[VEHIDCODE],PROPERTIES[DUAL_HEADED])=0),"MAGLEV", _xlfn.TEXTBEFORE(CONTROL[[#This Row],[VEHIDCODE]],"_")="mmu","MMU")} -> ID_RANGE_RBS | E9: 1005 | F9: Kitson & Co. CSAR Railmotor | G9: https://en.wikipedia.org/wiki/CSAR_Railmotor | H9: =AND(CONTROL[[#This Row],[IS_WAGON_OR_COACH]]=TRUE,OR(RIGHT(CONTROL[[#This Row],[VEHIDCODE]],7)="Powered",RIGHT(CONTROL[[#This Row],[VEHIDCODE]],9)="Unpowered")) -> FALSE | I9: =OR(ISNUMBER(SEARCH("_wagon_powered",CONTROL[[#This Row],[VEHIDCODE]])),ISNUMBER(SEARCH("_wagon_unpowered",CONTROL[[#This Row],[VEHIDCODE]])),ISNUMBER(SEARCH("mu_wagon_",CONTROL[[#This Row],[VEHIDCODE]])),ISNUMBER(SEARCH("mglv_wagon_",CONTROL[[#This Row],[VEHIDCODE]])),ISNUMBER(SEARCH("mu_coach_",CONTROL[[#This Row],[VEHIDCODE]])),ISNUMBER(SEARCH("mglv_coach_",CONTROL[[#This Row],[VEHIDCODE]]))) -> FALSE | J9: =ISNUMBER(_xlfn.XMATCH(CONTROL[[#This Row],[VEHIDCODE]],TRACK_TYPES[VEHIDCODE],0)) -> TRUE | K9: =ISNUMBER(_xlfn.XMATCH(CONTROL[[#This Row],[VEHIDCODE]],PROPERTIES[VEHIDCODE],0)) -> TRUE | L9: =ISNUMBER(_xlfn.XLOOKUP(CONTROL[[#This Row],[VEHIDCODE]],roster!A:A,roster!D:D)) -> TRUE | M9: =ISNUMBER(_xlfn.XMATCH(CONTROL[[#This Row],[VEHIDCODE]],GRAPHICS_PROPERTIES[VEHIDCODE],0)) -> TRUE | N9: ="item_"&CONTROL[[#This Row],[VEHIDCODE]] -> item_rbs_Kitson___Co_CSAR_Railmotor | O9: ="str_"&CONTROL[[#This Row],[VEHIDCODE]] -> str_rbs_Kitson___Co_CSAR_Railmotor | P9: =_xlfn.XLOOKUP(CONTROL[[#This Row],[VEHIDCODE]],PROPERTIES[VEHIDCODE],PROPERTIES[IS_CONCEPT])="IS_CONCEPT" -> FALSE | Q9: =_xlfn.XLOOKUP(CONTROL[[#This Row],[VEHIDCODE]],PROPERTIES[VEHIDCODE],PROPERTIES[EXCLUDE]) -> FALSE | R9: {=_xlfn.XLOOKUP(CONTROL[[#This Row],[VEHIDCODE]],GRAPHICS_PROPERTIES[VEHIDCODE],GRAPHICS_PROPERTIES[TEMPLATE_ID]&GRAPHICS_PROPERTIES[TEMPLATE_AMENDMENT_CODE])} -> TPL_32B
A10: rbs_Kerr_Stuart_steam_railmotor | B10: =_xlfn.TEXTAFTER(CONTROL[[#This Row],[VEHIDCODE]],"_") -> Kerr_Stuart_steam_railmotor | C10: {="src\"&(_xlfn.LET(_xlpm.l,SUBSTITUTE(CONTROL[[#This Row],[VEHID_ID_CATEGORY]],"ID_RANGE_",""),_xlfn.IFS( _xlpm.l="RBS","Railbus\Railbus_Steam", _xlpm.l="RBD","Railbus\Railbus_Diesel", _xlpm.l="RBE","Railbus\Railbus_Electric", _xlpm.l="RBM","Railbus\Railbus_Maglev", _xlpm.l="STEAM","Steam", _xlpm.l="DIESEL","Diesel", OR(_xlpm.l="ELECTRIC", _xlpm.l="MULTIMETRO"),"Electric", _xlpm.l="MAGLEV","Maglev", _xlpm.l="MULTIMAGLEV","MMU", _xlpm.l="CARGODMU","CargoDMU", _xlpm.l="DMU","DMU", _xlpm.l="CARGOEMU","CargoEMU", _xlpm.l="EMU","EMU", _xlpm.l="MMU","MMU", _xlpm.l="SINGLEMETRO","Single_Metro", OR(ISNUMBER(SEARCH("_powered",CONTROL[[#This Row],[VEHIDCODE]])),ISNUMBER(SEARCH("_unpowered",CONTROL[[#This Row],[VEHIDCODE]]))),"Special", _xlpm.l="WAGONS","wagons\"&SUBSTITUTE(_xlfn.TEXTBEFORE(SUBSTITUTE(_xlfn.TEXTAFTER(CONTROL[[#This Row],[VEHIDCODE]],"_",2),"Service_Car","Service#Car"),"_"),"#","_"), _xlpm.l="WAGONS_MGLV","Wagons_Maglev\"&_xlfn.TEXTBEFORE(_xlfn.TEXTAFTER(CONTROL[[#This Row],[VEHIDCODE]],"_",2),"_"), _xlpm.l="COACHES","Coaches\"&_xlfn.TEXTBEFORE(_xlfn.TEXTAFTER(CONTROL[[#This Row],[VEHIDCODE]],"_",2),"_"), _xlpm.l="COACHES_MGLV","Coaches_Maglev\"&_xlfn.TEXTBEFORE(_xlfn.TEXTAFTER(CONTROL[[#This Row],[VEHIDCODE]],"_",2),"_") )))} -> src\Railbus\Railbus_Steam | D10: {="ID_RANGE_"&_xlfn.IFS( ISNUMBER(SEARCH("mglv_maglev_wagon",CONTROL[[#This Row],[VEHIDCODE]])),"UNIT_WAGONS_MGLV", ISNUMBER(SEARCH("mu_mu_cargo_wagon",CONTROL[[#This Row],[VEHIDCODE]])),"UNIT_WAGONS_RAIL_CARGO", ISNUMBER(SEARCH("mtro_metro_wagon_",CONTROL[[#This Row],[VEHIDCODE]])),"UNIT_WAGONS_MTRO", ISNUMBER(SEARCH("mu_mu_wagon",CONTROL[[#This Row],[VEHIDCODE]])),"UNIT_WAGONS_RAIL", ISNUMBER(SEARCH("mu_wagon",CONTROL[[#This Row],[VEHIDCODE]])),"WAGONS", ISNUMBER(SEARCH("mu_coach",CONTROL[[#This Row],[VEHIDCODE]])),"COACHES", ISNUMBER(SEARCH("mglv_coach",CONTROL[[#This Row],[VEHIDCODE]])),"COACHES_MGLV", _xlfn.TEXTBEFORE(CONTROL[[#This Row],[VEHIDCODE]],"_")="rbs","RBS", _xlfn.TEXTBEFORE(CONTROL[[#This Row],[VEHIDCODE]],"_")="rbd","RBD", _xlfn.TEXTBEFORE(CONTROL[[#This Row],[VEHIDCODE]],"_")="rbe","RBE", _xlfn.TEXTBEFORE(CONTROL[[#This Row],[VEHIDCODE]],"_")="rbm","RBM", _xlfn.TEXTBEFORE(CONTROL[[#This Row],[VEHIDCODE]],"_")="steam","STEAM", _xlfn.TEXTBEFORE(CONTROL[[#This Row],[VEHIDCODE]],"_")="diesel","DIESEL", _xlfn.TEXTBEFORE(CONTROL[[#This Row],[VEHIDCODE]],"_")="electric","ELECTRIC", _xlfn.TEXTBEFORE(CONTROL[[#This Row],[VEHIDCODE]],"_")="mtro","MULTIMETRO", _xlfn.TEXTBEFORE(CONTROL[[#This Row],[VEHIDCODE]],"_")="singlemtro","SINGLEMETRO", _xlfn.TEXTBEFORE(CONTROL[[#This Row],[VEHIDCODE]],"_")="dmu","DMU", _xlfn.TEXTBEFORE(CONTROL[[#This Row],[VEHIDCODE]],"_")="cargodmu","CARGODMU", _xlfn.TEXTBEFORE(CONTROL[[#This Row],[VEHIDCODE]],"_")="emu","EMU", _xlfn.TEXTBEFORE(CONTROL[[#This Row],[VEHIDCODE]],"_")="cargoemu","CARGOEMU", _xlfn.TEXTBEFORE(CONTROL[[#This Row],[VEHIDCODE]],"_",2)="mglv_Wagon","WAGONS_MGLV", AND(_xlfn.TEXTBEFORE(CONTROL[[#This Row],[VEHIDCODE]],"_",1)="mglv",_xlfn.XLOOKUP(CONTROL[[#This Row],[VEHIDCODE]],PROPERTIES[VEHIDCODE],PROPERTIES[DUAL_HEADED])=0),"MAGLEV", _xlfn.TEXTBEFORE(CONTROL[[#This Row],[VEHIDCODE]],"_")="mmu","MMU")} -> ID_RANGE_RBS | E10: 1006 | F10: Kerr, Stuart & Co. Motor Car 3 | G10: https://en.wikipedia.org/wiki/Kerr_Stuart_steam_railmotor | H10: =AND(CONTROL[[#This Row],[IS_WAGON_OR_COACH]]=TRUE,OR(RIGHT(CONTROL[[#This Row],[VEHIDCODE]],7)="Powered",RIGHT(CONTROL[[#This Row],[VEHIDCODE]],9)="Unpowered")) -> FALSE | I10: =OR(ISNUMBER(SEARCH("_wagon_powered",CONTROL[[#This Row],[VEHIDCODE]])),ISNUMBER(SEARCH("_wagon_unpowered",CONTROL[[#This Row],[VEHIDCODE]])),ISNUMBER(SEARCH("mu_wagon_",CONTROL[[#This Row],[VEHIDCODE]])),ISNUMBER(SEARCH("mglv_wagon_",CONTROL[[#This Row],[VEHIDCODE]])),ISNUMBER(SEARCH("mu_coach_",CONTROL[[#This Row],[VEHIDCODE]])),ISNUMBER(SEARCH("mglv_coach_",CONTROL[[#This Row],[VEHIDCODE]]))) -> FALSE | J10: =ISNUMBER(_xlfn.XMATCH(CONTROL[[#This Row],[VEHIDCODE]],TRACK_TYPES[VEHIDCODE],0)) -> TRUE | K10: =ISNUMBER(_xlfn.XMATCH(CONTROL[[#This Row],[VEHIDCODE]],PROPERTIES[VEHIDCODE],0)) -> TRUE | L10: =ISNUMBER(_xlfn.XLOOKUP(CONTROL[[#This Row],[VEHIDCODE]],roster!A:A,roster!D:D)) -> TRUE | M10: =ISNUMBER(_xlfn.XMATCH(CONTROL[[#This Row],[VEHIDCODE]],GRAPHICS_PROPERTIES[VEHIDCODE],0)) -> TRUE | N10: ="item_"&CONTROL[[#This Row],[VEHIDCODE]] -> item_rbs_Kerr_Stuart_steam_railmotor | O10: ="str_"&CONTROL[[#This Row],[VEHIDCODE]] -> str_rbs_Kerr_Stuart_steam_railmotor | P10: =_xlfn.XLOOKUP(CONTROL[[#This Row],[VEHIDCODE]],PROPERTIES[VEHIDCODE],PROPERTIES[IS_CONCEPT])="IS_CONCEPT" -> FALSE | Q10: =_xlfn.XLOOKUP(CONTROL[[#This Row],[VEHIDCODE]],PROPERTIES[VEHIDCODE],PROPERTIES[EXCLUDE]) -> FALSE | R10: {=_xlfn.XLOOKUP(CONTROL[[#This Row],[VEHIDCODE]],GRAPHICS_PROPERTIES[VEHIDCODE],GRAPHICS_PROPERTIES[TEMPLATE_ID]&GRAPHICS_PROPERTIES[TEMPLATE_AMENDMENT_CODE])} -> TPL_03C
A11: rbs_KkStB_4_0 | B11: =_xlfn.TEXTAFTER(CONTROL[[#This Row],[VEHIDCODE]],"_") -> KkStB_4_0 | C11: {="src\"&(_xlfn.LET(_xlpm.l,SUBSTITUTE(CONTROL[[#This Row],[VEHID_ID_CATEGORY]],"ID_RANGE_",""),_xlfn.IFS( _xlpm.l="RBS","Railbus\Railbus_Steam", _xlpm.l="RBD","Railbus\Railbus_Diesel", _xlpm.l="RBE","Railbus\Railbus_Electric", _xlpm.l="RBM","Railbus\Railbus_Maglev", _xlpm.l="STEAM","Steam", _xlpm.l="DIESEL","Diesel", OR(_xlpm.l="ELECTRIC", _xlpm.l="MULTIMETRO"),"Electric", _xlpm.l="MAGLEV","Maglev", _xlpm.l="MULTIMAGLEV","MMU", _xlpm.l="CARGODMU","CargoDMU", _xlpm.l="DMU","DMU", _xlpm.l="CARGOEMU","CargoEMU", _xlpm.l="EMU","EMU", _xlpm.l="MMU","MMU", _xlpm.l="SINGLEMETRO","Single_Metro", OR(ISNUMBER(SEARCH("_powered",CONTROL[[#This Row],[VEHIDCODE]])),ISNUMBER(SEARCH("_unpowered",CONTROL[[#This Row],[VEHIDCODE]]))),"Special", _xlpm.l="WAGONS","wagons\"&SUBSTITUTE(_xlfn.TEXTBEFORE(SUBSTITUTE(_xlfn.TEXTAFTER(CONTROL[[#This Row],[VEHIDCODE]],"_",2),"Service_Car","Service#Car"),"_"),"#","_"), _xlpm.l="WAGONS_MGLV","Wagons_Maglev\"&_xlfn.TEXTBEFORE(_xlfn.TEXTAFTER(CONTROL[[#This Row],[VEHIDCODE]],"_",2),"_"), _xlpm.l="COACHES","Coaches\"&_xlfn.TEXTBEFORE(_xlfn.TEXTAFTER(CONTROL[[#This Row],[VEHIDCODE]],"_",2),"_"), _xlpm.l="COACHES_MGLV","Coaches_Maglev\"&_xlfn.TEXTBEFORE(_xlfn.TEXTAFTER(CONTROL[[#This Row],[VEHIDCODE]],"_",2),"_") )))} -> src\Railbus\Railbus_Steam | D11: {="ID_RANGE_"&_xlfn.IFS( ISNUMBER(SEARCH("mglv_maglev_wagon",CONTROL[[#This Row],[VEHIDCODE]])),"UNIT_WAGONS_MGLV", ISNUMBER(SEARCH("mu_mu_cargo_wagon",CONTROL[[#This Row],[VEHIDCODE]])),"UNIT_WAGONS_RAIL_CARGO", ISNUMBER(SEARCH("mtro_metro_wagon_",CONTROL[[#This Row],[VEHIDCODE]])),"UNIT_WAGONS_MTRO", ISNUMBER(SEARCH("mu_mu_wagon",CONTROL[[#This Row],[VEHIDCODE]])),"UNIT_WAGONS_RAIL", ISNUMBER(SEARCH("mu_wagon",CONTROL[[#This Row],[VEHIDCODE]])),"WAGONS", ISNUMBER(SEARCH("mu_coach",CONTROL[[#This Row],[VEHIDCODE]])),"COACHES", ISNUMBER(SEARCH("mglv_coach",CONTROL[[#This Row],[VEHIDCODE]])),"COACHES_MGLV", _xlfn.TEXTBEFORE(CONTROL[[#This Row],[VEHIDCODE]],"_")="rbs","RBS", _xlfn.TEXTBEFORE(CONTROL[[#This Row],[VEHIDCODE]],"_")="rbd","RBD", _xlfn.TEXTBEFORE(CONTROL[[#This Row],[VEHIDCODE]],"_")="rbe","RBE", _xlfn.TEXTBEFORE(CONTROL[[#This Row],[VEHIDCODE]],"_")="rbm","RBM", _xlfn.TEXTBEFORE(CONTROL[[#This Row],[VEHIDCODE]],"_")="steam","STEAM", _xlfn.TEXTBEFORE(CONTROL[[#This Row],[VEHIDCODE]],"_")="diesel","DIESEL", _xlfn.TEXTBEFORE(CONTROL[[#This Row],[VEHIDCODE]],"_")="electric","ELECTRIC", _xlfn.TEXTBEFORE(CONTROL[[#This Row],[VEHIDCODE]],"_")="mtro","MULTIMETRO", _xlfn.TEXTBEFORE(CONTROL[[#This Row],[VEHIDCODE]],"_")="singlemtro","SINGLEMETRO", _xlfn.TEXTBEFORE(CONTROL[[#This Row],[VEHIDCODE]],"_")="dmu","DMU", _xlfn.TEXTBEFORE(CONTROL[[#This Row],[VEHIDCODE]],"_")="cargodmu","CARGODMU", _xlfn.TEXTBEFORE(CONTROL[[#This Row],[VEHIDCODE]],"_")="emu","EMU", _xlfn.TEXTBEFORE(CONTROL[[#This Row],[VEHIDCODE]],"_")="cargoemu","CARGOEMU", _xlfn.TEXTBEFORE(CONTROL[[#This Row],[VEHIDCODE]],"_",2)="mglv_Wagon","WAGONS_MGLV", AND(_xlfn.TEXTBEFORE(CONTROL[[#This Row],[VEHIDCODE]],"_",1)="mglv",_xlfn.XLOOKUP(CONTROL[[#This Row],[VEHIDCODE]],PROPERTIES[VEHIDCODE],PROPERTIES[DUAL_HEADED])=0),"MAGLEV", _xlfn.TEXTBEFORE(CONTROL[[#This Row],[VEHIDCODE]],"_")="mmu","MMU")} -> ID_RANGE_RBS | E11: 1007 | F11: KkStB 4.0 | G11: https://de.wikipedia.org/wiki/KkStB_4 | H11: =AND(CONTROL[[#This Row],[IS_WAGON_OR_COACH]]=TRUE,OR(RIGHT(CONTROL[[#This Row],[VEHIDCODE]],7)="Powered",RIGHT(CONTROL[[#This Row],[VEHIDCODE]],9)="Unpowered")) -> FALSE | I11: =OR(ISNUMBER(SEARCH("_wagon_powered",CONTROL[[#This Row],[VEHIDCODE]])),ISNUMBER(SEARCH("_wagon_unpowered",CONTROL[[#This Row],[VEHIDCODE]])),ISNUMBER(SEARCH("mu_wagon_",CONTROL[[#This Row],[VEHIDCODE]])),ISNUMBER(SEARCH("mglv_wagon_",CONTROL[[#This Row],[VEHIDCODE]])),ISNUMBER(SEARCH("mu_coach_",CONTROL[[#This Row],[VEHIDCODE]])),ISNUMBER(SEARCH("mglv_coach_",CONTROL[[#This Row],[VEHIDCODE]]))) -> FALSE | J11: =ISNUMBER(_xlfn.XMATCH(CONTROL[[#This Row],[VEHIDCODE]],TRACK_TYPES[VEHIDCODE],0)) -> TRUE | K11: =ISNUMBER(_xlfn.XMATCH(CONTROL[[#This Row],[VEHIDCODE]],PROPERTIES[VEHIDCODE],0)) -> TRUE | L11: =ISNUMBER(_xlfn.XLOOKUP(CONTROL[[#This Row],[VEHIDCODE]],roster!A:A,roster!D:D)) -> TRUE | M11: =ISNUMBER(_xlfn.XMATCH(CONTROL[[#This Row],[VEHIDCODE]],GRAPHICS_PROPERTIES[VEHIDCODE],0)) -> TRUE | N11: ="item_"&CONTROL[[#This Row],[VEHIDCODE]] -> item_rbs_KkStB_4_0 | O11: ="str_"&CONTROL[[#This Row],[VEHIDCODE]] -> str_rbs_KkStB_4_0 | P11: =_xlfn.XLOOKUP(CONTROL[[#This Row],[VEHIDCODE]],PROPERTIES[VEHIDCODE],PROPERTIES[IS_CONCEPT])="IS_CONCEPT" -> FALSE | Q11: =_xlfn.XLOOKUP(CONTROL[[#This Row],[VEHIDCODE]],PROPERTIES[VEHIDCODE],PROPERTIES[EXCLUDE]) -> FALSE | R11: {=_xlfn.XLOOKUP(CONTROL[[#This Row],[VEHIDCODE]],GRAPHICS_PROPERTIES[VEHIDCODE],GRAPHICS_PROPERTIES[TEMPLATE_ID]&GRAPHICS_PROPERTIES[TEMPLATE_AMENDMENT_CODE])} -> TPL_03C
A12: rbd_AEC_railmotor_RM1 | B12: =_xlfn.TEXTAFTER(CONTROL[[#This Row],[VEHIDCODE]],"_") -> AEC_railmotor_RM1 | C12: {="src\"&(_xlfn.LET(_xlpm.l,SUBSTITUTE(CONTROL[[#This Row],[VEHID_ID_CATEGORY]],"ID_RANGE_",""),_xlfn.IFS( _xlpm.l="RBS","Railbus\Railbus_Steam", _xlpm.l="RBD","Railbus\Railbus_Diesel", _xlpm.l="RBE","Railbus\Railbus_Electric", _xlpm.l="RBM","Railbus\Railbus_Maglev", _xlpm.l="STEAM","Steam", _xlpm.l="DIESEL","Diesel", OR(_xlpm.l="ELECTRIC", _xlpm.l="MULTIMETRO"),"Electric", _xlpm.l="MAGLEV","Maglev", _xlpm.l="MULTIMAGLEV","MMU", _xlpm.l="CARGODMU","CargoDMU", _xlpm.l="DMU","DMU", _xlpm.l="CARGOEMU","CargoEMU", _xlpm.l="EMU","EMU", _xlpm.l="MMU","MMU", _xlpm.l="SINGLEMETRO","Single_Metro", OR(ISNUMBER(SEARCH("_powered",CONTROL[[#This Row],[VEHIDCODE]])),ISNUMBER(SEARCH("_unpowered",CONTROL[[#This Row],[VEHIDCODE]]))),"Special", _xlpm.l="WAGONS","wagons\"&SUBSTITUTE(_xlfn.TEXTBEFORE(SUBSTITUTE(_xlfn.TEXTAFTER(CONTROL[[#This Row],[VEHIDCODE]],"_",2),"Service_Car","Service#Car"),"_"),"#","_"), _xlpm.l="WAGONS_MGLV","Wagons_Maglev\"&_xlfn.TEXTBEFORE(_xlfn.TEXTAFTER(CONTROL[[#This Row],[VEHIDCODE]],"_",2),"_"), _xlpm.l="COACHES","Coaches\"&_xlfn.TEXTBEFORE(_xlfn.TEXTAFTER(CONTROL[[#This Row],[VEHIDCODE]],"_",2),"_"), _xlpm.l="COACHES_MGLV","Coaches_Maglev\"&_xlfn.TEXTBEFORE(_xlfn.TEXTAFTER(CONTROL[[#This Row],[VEHIDCODE]],"_",2),"_") )))} -> src\Railbus\Railbus_Diesel | D12: {="ID_RANGE_"&_xlfn.IFS( ISNUMBER(SEARCH("mglv_maglev_wagon",CONTROL[[#This Row],[VEHIDCODE]])),"UNIT_WAGONS_MGLV", ISNUMBER(SEARCH("mu_mu_cargo_wagon",CONTROL[[#This Row],[VEHIDCODE]])),"UNIT_WAGONS_RAIL_CARGO", ISNUMBER(SEARCH("mtro_metro_wagon_",CONTROL[[#This Row],[VEHIDCODE]])),"UNIT_WAGONS_MTRO", ISNUMBER(SEARCH("mu_mu_wagon",CONTROL[[#This Row],[VEHIDCODE]])),"UNIT_WAGONS_RAIL", ISNUMBER(SEARCH("mu_wagon",CONTROL[[#This Row],[VEHIDCODE]])),"WAGONS", ISNUMBER(SEARCH("mu_coach",CONTROL[[#This Row],[VEHIDCODE]])),"COACHES", ISNUMBER(SEARCH("mglv_coach",CONTROL[[#This Row],[VEHIDCODE]])),"COACHES_MGLV", _xlfn.TEXTBEFORE(CONTROL[[#This Row],[VEHIDCODE]],"_")="rbs","RBS", _xlfn.TEXTBEFORE(CONTROL[[#This Row],[VEHIDCODE]],"_")="rbd","RBD", _xlfn.TEXTBEFORE(CONTROL[[#This Row],[VEHIDCODE]],"_")="rbe","RBE", _xlfn.TEXTBEFORE(CONTROL[[#This Row],[VEHIDCODE]],"_")="rbm","RBM", _xlfn.TEXTBEFORE(CONTROL[[#This Row],[VEHIDCODE]],"_")="steam","STEAM", _xlfn.TEXTBEFORE(CONTROL[[#This Row],[VEHIDCODE]],"_")="diesel","DIESEL", _xlfn.TEXTBEFORE(CONTROL[[#This Row],[VEHIDCODE]],"_")="electric","ELECTRIC", _xlfn.TEXTBEFORE(CONTROL[[#This Row],[VEHIDCODE]],"_")="mtro","MULTIMETRO", _xlfn.TEXTBEFORE(CONTROL[[#This Row],[VEHIDCODE]],"_")="singlemtro","SINGLEMETRO", _xlfn.TEXTBEFORE(CONTROL[[#This Row],[VEHIDCODE]],"_")="dmu","DMU", _xlfn.TEXTBEFORE(CONTROL[[#This Row],[VEHIDCODE]],"_")="cargodmu","CARGODMU", _xlfn.TEXTBEFORE(CONTROL[[#This Row],[VEHIDCODE]],"_")="emu","EMU", _xlfn.TEXTBEFORE(CONTROL[[#This Row],[VEHIDCODE]],"_")="cargoemu","CARGOEMU", _xlfn.TEXTBEFORE(CONTROL[[#This Row],[VEHIDCODE]],"_",2)="mglv_Wagon","WAGONS_MGLV", AND(_xlfn.TEXTBEFORE(CONTROL[[#This Row],[VEHIDCODE]],"_",1)="mglv",_xlfn.XLOOKUP(CONTROL[[#This Row],[VEHIDCODE]],PROPERTIES[VEHIDCODE],PROPERTIES[DUAL_HEADED])=0),"MAGLEV", _xlfn.TEXTBEFORE(CONTROL[[#This Row],[VEHIDCODE]],"_")="mmu","MMU")} -> ID_RANGE_RBD | E12: 2000 | F12: AEC Railmotor RM1 | G12: https://en.wikipedia.org/wiki/AEC_railmotor | H12: =AND(CONTROL[[#This Row],[IS_WAGON_OR_COACH]]=TRUE,OR(RIGHT(CONTROL[[#This Row],[VEHIDCODE]],7)="Powered",RIGHT(CONTROL[[#This Row],[VEHIDCODE]],9)="Unpowered")) -> FALSE | I12: =OR(ISNUMBER(SEARCH("_wagon_powered",CONTROL[[#This Row],[VEHIDCODE]])),ISNUMBER(SEARCH("_wagon_unpowered",CONTROL[[#This Row],[VEHIDCODE]])),ISNUMBER(SEARCH("mu_wagon_",CONTROL[[#This Row],[VEHIDCODE]])),ISNUMBER(SEARCH("mglv_wagon_",CONTROL[[#This Row],[VEHIDCODE]])),ISNUMBER(SEARCH("mu_coach_",CONTROL[[#This Row],[VEHIDCODE]])),ISNUMBER(SEARCH("mglv_coach_",CONTROL[[#This Row],[VEHIDCODE]]))) -> FALSE | J12: =ISNUMBER(_xlfn.XMATCH(CONTROL[[#This Row],[VEHIDCODE]],TRACK_TYPES[VEHIDCODE],0)) -> TRUE | K12: =ISNUMBER(_xlfn.XMATCH(CONTROL[[#This Row],[VEHIDCODE]],PROPERTIES[VEHIDCODE],0)) -> TRUE | L12: =ISNUMBER(_xlfn.XLOOKUP(CONTROL[[#This Row],[VEHIDCODE]],roster!A:A,roster!D:D)) -> TRUE | M12: =ISNUMBER(_xlfn.XMATCH(CONTROL[[#This Row],[VEHIDCODE]],GRAPHICS_PROPERTIES[VEHIDCODE],0)) -> TRUE | N12: ="item_"&CONTROL[[#This Row],[VEHIDCODE]] -> item_rbd_AEC_railmotor_RM1 | O12: ="str_"&CONTROL[[#This Row],[VEHIDCODE]] -> str_rbd_AEC_railmotor_RM1 | P12: =_xlfn.XLOOKUP(CONTROL[[#This Row],[VEHIDCODE]],PROPERTIES[VEHIDCODE],PROPERTIES[IS_CONCEPT])="IS_CONCEPT" -> FALSE | Q12: =_xlfn.XLOOKUP(CONTROL[[#This Row],[VEHIDCODE]],PROPERTIES[VEHIDCODE],PROPERTIES[EXCLUDE]) -> FALSE | R12: {=_xlfn.XLOOKUP(CONTROL[[#This Row],[VEHIDCODE]],GRAPHICS_PROPERTIES[VEHIDCODE],GRAPHICS_PROPERTIES[TEMPLATE_ID]&GRAPHICS_PROPERTIES[TEMPLATE_AMENDMENT_CODE])} -> TPL_01B
A13: rbd_VT133_Wismar_Railcar | B13: =_xlfn.TEXTAFTER(CONTROL[[#This Row],[VEHIDCODE]],"_") -> VT133_Wismar_Railcar | C13: {="src\"&(_xlfn.LET(_xlpm.l,SUBSTITUTE(CONTROL[[#This Row],[VEHID_ID_CATEGORY]],"ID_RANGE_",""),_xlfn.IFS( _xlpm.l="RBS","Railbus\Railbus_Steam", _xlpm.l="RBD","Railbus\Railbus_Diesel", _xlpm.l="RBE","Railbus\Railbus_Electric", _xlpm.l="RBM","Railbus\Railbus_Maglev", _xlpm.l="STEAM","Steam", _xlpm.l="DIESEL","Diesel", OR(_xlpm.l="ELECTRIC", _xlpm.l="MULTIMETRO"),"Electric", _xlpm.l="MAGLEV","Maglev", _xlpm.l="MULTIMAGLEV","MMU", _xlpm.l="CARGODMU","CargoDMU", _xlpm.l="DMU","DMU", _xlpm.l="CARGOEMU","CargoEMU", _xlpm.l="EMU","EMU", _xlpm.l="MMU","MMU", _xlpm.l="SINGLEMETRO","Single_Metro", OR(ISNUMBER(SEARCH("_powered",CONTROL[[#This Row],[VEHIDCODE]])),ISNUMBER(SEARCH("_unpowered",CONTROL[[#This Row],[VEHIDCODE]]))),"Special", _xlpm.l="WAGONS","wagons\"&SUBSTITUTE(_xlfn.TEXTBEFORE(SUBSTITUTE(_xlfn.TEXTAFTER(CONTROL[[#This Row],[VEHIDCODE]],"_",2),"Service_Car","Service#Car"),"_"),"#","_"), _xlpm.l="WAGONS_MGLV","Wagons_Maglev\"&_xlfn.TEXTBEFORE(_xlfn.TEXTAFTER(CONTROL[[#This Row],[VEHIDCODE]],"_",2),"_"), _xlpm.l="COACHES","Coaches\"&_xlfn.TEXTBEFORE(_xlfn.TEXTAFTER(CONTROL[[#This Row],[VEHIDCODE]],"_",2),"_"), _xlpm.l="COACHES_MGLV","Coaches_Maglev\"&_xlfn.TEXTBEFORE(_xlfn.TEXTAFTER(CONTROL[[#This Row],[VEHIDCODE]],"_",2),"_") )))} -> src\Railbus\Railbus_Diesel | D13: {="ID_RANGE_"&_xlfn.IFS( ISNUMBER(SEARCH("mglv_maglev_wagon",CONTROL[[#This Row],[VEHIDCODE]])),"UNIT_WAGONS_MGLV", ISNUMBER(SEARCH("mu_mu_cargo_wagon",CONTROL[[#This Row],[VEHIDCODE]])),"UNIT_WAGONS_RAIL_CARGO", ISNUMBER(SEARCH("mtro_metro_wagon_",CONTROL[[#This Row],[VEHIDCODE]])),"UNIT_WAGONS_MTRO", ISNUMBER(SEARCH("mu_mu_wagon",CONTROL[[#This Row],[VEHIDCODE]])),"UNIT_WAGONS_RAIL", ISNUMBER(SEARCH("mu_wagon",CONTROL[[#This Row],[VEHIDCODE]])),"WAGONS", ISNUMBER(SEARCH("mu_coach",CONTROL[[#This Row],[VEHIDCODE]])),"COACHES", ISNUMBER(SEARCH("mglv_coach",CONTROL[[#This Row],[VEHIDCODE]])),"COACHES_MGLV", _xlfn.TEXTBEFORE(CONTROL[[#This Row],[VEHIDCODE]],"_")="rbs","RBS", _xlfn.TEXTBEFORE(CONTROL[[#This Row],[VEHIDCODE]],"_")="rbd","RBD", _xlfn.TEXTBEFORE(CONTROL[[#This Row],[VEHIDCODE]],"_")="rbe","RBE", _xlfn.TEXTBEFORE(CONTROL[[#This Row],[VEHIDCODE]],"_")="rbm","RBM", _xlfn.TEXTBEFORE(CONTROL[[#This Row],[VEHIDCODE]],"_")="steam","STEAM", _xlfn.TEXTBEFORE(CONTROL[[#This Row],[VEHIDCODE]],"_")="diesel","DIESEL", _xlfn.TEXTBEFORE(CONTROL[[#This Row],[VEHIDCODE]],"_")="electric","ELECTRIC", _xlfn.TEXTBEFORE(CONTROL[[#This Row],[VEHIDCODE]],"_")="mtro","MULTIMETRO", _xlfn.TEXTBEFORE(CONTROL[[#This Row],[VEHIDCODE]],"_")="singlemtro","SINGLEMETRO", _xlfn.TEXTBEFORE(CONTROL[[#This Row],[VEHIDCODE]],"_")="dmu","DMU", _xlfn.TEXTBEFORE(CONTROL[[#This Row],[VEHIDCODE]],"_")="cargodmu","CARGODMU", _xlfn.TEXTBEFORE(CONTROL[[#This Row],[VEHIDCODE]],"_")="emu","EMU", _xlfn.TEXTBEFORE(CONTROL[[#This Row],[VEHIDCODE]],"_")="cargoemu","CARGOEMU", _xlfn.TEXTBEFORE(CONTROL[[#This Row],[VEHIDCODE]],"_",2)="mglv_Wagon","WAGONS_MGLV", AND(_xlfn.TEXTBEFORE(CONTROL[[#This Row],[VEHIDCODE]],"_",1)="mglv",_xlfn.XLOOKUP(CONTROL[[#This Row],[VEHIDCODE]],PROPERTIES[VEHIDCODE],PROPERTIES[DUAL_HEADED])=0),"MAGLEV", _xlfn.TEXTBEFORE(CONTROL[[#This Row],[VEHIDCODE]],"_")="mmu","MMU")} -> ID_RANGE_RBD | E13: 2001 | F13: VT133 Wismar Railcar | G13: https://en.wikipedia.org/wiki/Wismar_railbus | H13: =AND(CONTROL[[#This Row],[IS_WAGON_OR_COACH]]=TRUE,OR(RIGHT(CONTROL[[#This Row],[VEHIDCODE]],7)="Powered",RIGHT(CONTROL[[#This Row],[VEHIDCODE]],9)="Unpowered")) -> FALSE | I13: =OR(ISNUMBER(SEARCH("_wagon_powered",CONTROL[[#This Row],[VEHIDCODE]])),ISNUMBER(SEARCH("_wagon_unpowered",CONTROL[[#This Row],[VEHIDCODE]])),ISNUMBER(SEARCH("mu_wagon_",CONTROL[[#This Row],[VEHIDCODE]])),ISNUMBER(SEARCH("mglv_wagon_",CONTROL[[#This Row],[VEHIDCODE]])),ISNUMBER(SEARCH("mu_coach_",CONTROL[[#This Row],[VEHIDCODE]])),ISNUMBER(SEARCH("mglv_coach_",CONTROL[[#This Row],[VEHIDCODE]]))) -> FALSE | J13: =ISNUMBER(_xlfn.XMATCH(CONTROL[[#This Row],[VEHIDCODE]],TRACK_TYPES[VEHIDCODE],0)) -> TRUE | K13: =ISNUMBER(_xlfn.XMATCH(CONTROL[[#This Row],[VEHIDCODE]],PROPERTIES[VEHIDCODE],0)) -> TRUE | L13: =ISNUMBER(_xlfn.XLOOKUP(CONTROL[[#This Row],[VEHIDCODE]],roster!A:A,roster!D:D)) -> TRUE | M13: =ISNUMBER(_xlfn.XMATCH(CONTROL[[#This Row],[VEHIDCODE]],GRAPHICS_PROPERTIES[VEHIDCODE],0)) -> TRUE | N13: ="item_"&CONTROL[[#This Row],[VEHIDCODE]] -> item_rbd_VT133_Wismar_Railcar | O13: ="str_"&CONTROL[[#This Row],[VEHIDCODE]] -> str_rbd_VT133_Wismar_Railcar | P13: =_xlfn.XLOOKUP(CONTROL[[#This Row],[VEHIDCODE]],PROPERTIES[VEHIDCODE],PROPERTIES[IS_CONCEPT])="IS_CONCEPT" -> FALSE | Q13: =_xlfn.XLOOKUP(CONTROL[[#This Row],[VEHIDCODE]],PROPERTIES[VEHIDCODE],PROPERTIES[EXCLUDE]) -> FALSE | R13: {=_xlfn.XLOOKUP(CONTROL[[#This Row],[VEHIDCODE]],GRAPHICS_PROPERTIES[VEHIDCODE],GRAPHICS_PROPERTIES[TEMPLATE_ID]&GRAPHICS_PROPERTIES[TEMPLATE_AMENDMENT_CODE])} -> TPL_01B
... A567: singlemtro_Berlin_U_Bahn_C_II | B567: =_xlfn.TEXTAFTER(CONTROL[[#This Row],[VEHIDCODE]],"_") -> Berlin_U_Bahn_C_II | C567: {="src\"&(_xlfn.LET(_xlpm.l,SUBSTITUTE(CONTROL[[#This Row],[VEHID_ID_CATEGORY]],"ID_RANGE_",""),_xlfn.IFS( _xlpm.l="RBS","Railbus\Railbus_Steam", _xlpm.l="RBD","Railbus\Railbus_Diesel", _xlpm.l="RBE","Railbus\Railbus_Electric", _xlpm.l="RBM","Railbus\Railbus_Maglev", _xlpm.l="STEAM","Steam", _xlpm.l="DIESEL","Diesel", OR(_xlpm.l="ELECTRIC", _xlpm.l="MULTIMETRO"),"Electric", _xlpm.l="MAGLEV","Maglev", _xlpm.l="MULTIMAGLEV","MMU", _xlpm.l="CARGODMU","CargoDMU", _xlpm.l="DMU","DMU", _xlpm.l="CARGOEMU","CargoEMU", _xlpm.l="EMU","EMU", _xlpm.l="MMU","MMU", _xlpm.l="SINGLEMETRO","Single_Metro", OR(ISNUMBER(SEARCH("_powered",CONTROL[[#This Row],[VEHIDCODE]])),ISNUMBER(SEARCH("_unpowered",CONTROL[[#This Row],[VEHIDCODE]]))),"Special", _xlpm.l="WAGONS","wagons\"&SUBSTITUTE(_xlfn.TEXTBEFORE(SUBSTITUTE(_xlfn.TEXTAFTER(CONTROL[[#This Row],[VEHIDCODE]],"_",2),"Service_Car","Service#Car"),"_"),"#","_"), _xlpm.l="WAGONS_MGLV","Wagons_Maglev\"&_xlfn.TEXTBEFORE(_xlfn.TEXTAFTER(CONTROL[[#This Row],[VEHIDCODE]],"_",2),"_"), _xlpm.l="COACHES","Coaches\"&_xlfn.TEXTBEFORE(_xlfn.TEXTAFTER(CONTROL[[#This Row],[VEHIDCODE]],"_",2),"_"), _xlpm.l="COACHES_MGLV","Coaches_Maglev\"&_xlfn.TEXTBEFORE(_xlfn.TEXTAFTER(CONTROL[[#This Row],[VEHIDCODE]],"_",2),"_") )))} -> src\Single_Metro | D567: {="ID_RANGE_"&_xlfn.IFS( ISNUMBER(SEARCH("mglv_maglev_wagon",CONTROL[[#This Row],[VEHIDCODE]])),"UNIT_WAGONS_MGLV", ISNUMBER(SEARCH("mu_mu_cargo_wagon",CONTROL[[#This Row],[VEHIDCODE]])),"UNIT_WAGONS_RAIL_CARGO", ISNUMBER(SEARCH("mtro_metro_wagon_",CONTROL[[#This Row],[VEHIDCODE]])),"UNIT_WAGONS_MTRO", ISNUMBER(SEARCH("mu_mu_wagon",CONTROL[[#This Row],[VEHIDCODE]])),"UNIT_WAGONS_RAIL", ISNUMBER(SEARCH("mu_wagon",CONTROL[[#This Row],[VEHIDCODE]])),"WAGONS", ISNUMBER(SEARCH("mu_coach",CONTROL[[#This Row],[VEHIDCODE]])),"COACHES", ISNUMBER(SEARCH("mglv_coach",CONTROL[[#This Row],[VEHIDCODE]])),"COACHES_MGLV", _xlfn.TEXTBEFORE(CONTROL[[#This Row],[VEHIDCODE]],"_")="rbs","RBS", _xlfn.TEXTBEFORE(CONTROL[[#This Row],[VEHIDCODE]],"_")="rbd","RBD", _xlfn.TEXTBEFORE(CONTROL[[#This Row],[VEHIDCODE]],"_")="rbe","RBE", _xlfn.TEXTBEFORE(CONTROL[[#This Row],[VEHIDCODE]],"_")="rbm","RBM", _xlfn.TEXTBEFORE(CONTROL[[#This Row],[VEHIDCODE]],"_")="steam","STEAM", _xlfn.TEXTBEFORE(CONTROL[[#This Row],[VEHIDCODE]],"_")="diesel","DIESEL", _xlfn.TEXTBEFORE(CONTROL[[#This Row],[VEHIDCODE]],"_")="electric","ELECTRIC", _xlfn.TEXTBEFORE(CONTROL[[#This Row],[VEHIDCODE]],"_")="mtro","MULTIMETRO", _xlfn.TEXTBEFORE(CONTROL[[#This Row],[VEHIDCODE]],"_")="singlemtro","SINGLEMETRO", _xlfn.TEXTBEFORE(CONTROL[[#This Row],[VEHIDCODE]],"_")="dmu","DMU", _xlfn.TEXTBEFORE(CONTROL[[#This Row],[VEHIDCODE]],"_")="cargodmu","CARGODMU", _xlfn.TEXTBEFORE(CONTROL[[#This Row],[VEHIDCODE]],"_")="emu","EMU", _xlfn.TEXTBEFORE(CONTROL[[#This Row],[VEHIDCODE]],"_")="cargoemu","CARGOEMU", _xlfn.TEXTBEFORE(CONTROL[[#This Row],[VEHIDCODE]],"_",2)="mglv_Wagon","WAGONS_MGLV", AND(_xlfn.TEXTBEFORE(CONTROL[[#This Row],[VEHIDCODE]],"_",1)="mglv",_xlfn.XLOOKUP(CONTROL[[#This Row],[VEHIDCODE]],PROPERTIES[VEHIDCODE],PROPERTIES[DUAL_HEADED])=0),"MAGLEV", _xlfn.TEXTBEFORE(CONTROL[[#This Row],[VEHIDCODE]],"_")="mmu","MMU")} -> ID_RANGE_SINGLEMETRO | E567: 14003 | F567: Berlin U-Bahn C II | G567: https://de.wikipedia.org/wiki/BVG-Baureihe_C | H567: =AND(CONTROL[[#This Row],[IS_WAGON_OR_COACH]]=TRUE,OR(RIGHT(CONTROL[[#This Row],[VEHIDCODE]],7)="Powered",RIGHT(CONTROL[[#This Row],[VEHIDCODE]],9)="Unpowered")) -> FALSE | I567: =OR(ISNUMBER(SEARCH("_wagon_powered",CONTROL[[#This Row],[VEHIDCODE]])),ISNUMBER(SEARCH("_wagon_unpowered",CONTROL[[#This Row],[VEHIDCODE]])),ISNUMBER(SEARCH("mu_wagon_",CONTROL[[#This Row],[VEHIDCODE]])),ISNUMBER(SEARCH("mglv_wagon_",CONTROL[[#This Row],[VEHIDCODE]])),ISNUMBER(SEARCH("mu_coach_",CONTROL[[#This Row],[VEHIDCODE]])),ISNUMBER(SEARCH("mglv_coach_",CONTROL[[#This Row],[VEHIDCODE]]))) -> FALSE | J567: =ISNUMBER(_xlfn.XMATCH(CONTROL[[#This Row],[VEHIDCODE]],TRACK_TYPES[VEHIDCODE],0)) -> TRUE | K567: =ISNUMBER(_xlfn.XMATCH(CONTROL[[#This Row],[VEHIDCODE]],PROPERTIES[VEHIDCODE],0)) -> TRUE | L567: =ISNUMBER(_xlfn.XLOOKUP(CONTROL[[#This Row],[VEHIDCODE]],roster!A:A,roster!D:D)) -> TRUE | M567: =ISNUMBER(_xlfn.XMATCH(CONTROL[[#This Row],[VEHIDCODE]],GRAPHICS_PROPERTIES[VEHIDCODE],0)) -> TRUE | N567: ="item_"&CONTROL[[#This Row],[VEHIDCODE]] -> item_singlemtro_Berlin_U_Bahn_C_II | O567: ="str_"&CONTROL[[#This Row],[VEHIDCODE]] -> str_singlemtro_Berlin_U_Bahn_C_II | P567: =_xlfn.XLOOKUP(CONTROL[[#This Row],[VEHIDCODE]],PROPERTIES[VEHIDCODE],PROPERTIES[IS_CONCEPT])="IS_CONCEPT" -> FALSE | Q567: =_xlfn.XLOOKUP(CONTROL[[#This Row],[VEHIDCODE]],PROPERTIES[VEHIDCODE],PROPERTIES[EXCLUDE]) -> FALSE | R567: {=_xlfn.XLOOKUP(CONTROL[[#This Row],[VEHIDCODE]],GRAPHICS_PROPERTIES[VEHIDCODE],GRAPHICS_PROPERTIES[TEMPLATE_ID]&GRAPHICS_PROPERTIES[TEMPLATE_AMENDMENT_CODE])} -> TPL_01B
A568: rbm_ACME_Corp__Turbobus | B568: =_xlfn.TEXTAFTER(CONTROL[[#This Row],[VEHIDCODE]],"_") -> ACME_Corp__Turbobus | C568: {="src\"&(_xlfn.LET(_xlpm.l,SUBSTITUTE(CONTROL[[#This Row],[VEHID_ID_CATEGORY]],"ID_RANGE_",""),_xlfn.IFS( _xlpm.l="RBS","Railbus\Railbus_Steam", _xlpm.l="RBD","Railbus\Railbus_Diesel", _xlpm.l="RBE","Railbus\Railbus_Electric", _xlpm.l="RBM","Railbus\Railbus_Maglev", _xlpm.l="STEAM","Steam", _xlpm.l="DIESEL","Diesel", OR(_xlpm.l="ELECTRIC", _xlpm.l="MULTIMETRO"),"Electric", _xlpm.l="MAGLEV","Maglev", _xlpm.l="MULTIMAGLEV","MMU", _xlpm.l="CARGODMU","CargoDMU", _xlpm.l="DMU","DMU", _xlpm.l="CARGOEMU","CargoEMU", _xlpm.l="EMU","EMU", _xlpm.l="MMU","MMU", _xlpm.l="SINGLEMETRO","Single_Metro", OR(ISNUMBER(SEARCH("_powered",CONTROL[[#This Row],[VEHIDCODE]])),ISNUMBER(SEARCH("_unpowered",CONTROL[[#This Row],[VEHIDCODE]]))),"Special", _xlpm.l="WAGONS","wagons\"&SUBSTITUTE(_xlfn.TEXTBEFORE(SUBSTITUTE(_xlfn.TEXTAFTER(CONTROL[[#This Row],[VEHIDCODE]],"_",2),"Service_Car","Service#Car"),"_"),"#","_"), _xlpm.l="WAGONS_MGLV","Wagons_Maglev\"&_xlfn.TEXTBEFORE(_xlfn.TEXTAFTER(CONTROL[[#This Row],[VEHIDCODE]],"_",2),"_"), _xlpm.l="COACHES","Coaches\"&_xlfn.TEXTBEFORE(_xlfn.TEXTAFTER(CONTROL[[#This Row],[VEHIDCODE]],"_",2),"_"), _xlpm.l="COACHES_MGLV","Coaches_Maglev\"&_xlfn.TEXTBEFORE(_xlfn.TEXTAFTER(CONTROL[[#This Row],[VEHIDCODE]],"_",2),"_") )))} -> src\Railbus\Railbus_Maglev | D568: {="ID_RANGE_"&_xlfn.IFS( ISNUMBER(SEARCH("mglv_maglev_wagon",CONTROL[[#This Row],[VEHIDCODE]])),"UNIT_WAGONS_MGLV", ISNUMBER(SEARCH("mu_mu_cargo_wagon",CONTROL[[#This Row],[VEHIDCODE]])),"UNIT_WAGONS_RAIL_CARGO", ISNUMBER(SEARCH("mtro_metro_wagon_",CONTROL[[#This Row],[VEHIDCODE]])),"UNIT_WAGONS_MTRO", ISNUMBER(SEARCH("mu_mu_wagon",CONTROL[[#This Row],[VEHIDCODE]])),"UNIT_WAGONS_RAIL", ISNUMBER(SEARCH("mu_wagon",CONTROL[[#This Row],[VEHIDCODE]])),"WAGONS", ISNUMBER(SEARCH("mu_coach",CONTROL[[#This Row],[VEHIDCODE]])),"COACHES", ISNUMBER(SEARCH("mglv_coach",CONTROL[[#This Row],[VEHIDCODE]])),"COACHES_MGLV", _xlfn.TEXTBEFORE(CONTROL[[#This Row],[VEHIDCODE]],"_")="rbs","RBS", _xlfn.TEXTBEFORE(CONTROL[[#This Row],[VEHIDCODE]],"_")="rbd","RBD", _xlfn.TEXTBEFORE(CONTROL[[#This Row],[VEHIDCODE]],"_")="rbe","RBE", _xlfn.TEXTBEFORE(CONTROL[[#This Row],[VEHIDCODE]],"_")="rbm","RBM", _xlfn.TEXTBEFORE(CONTROL[[#This Row],[VEHIDCODE]],"_")="steam","STEAM", _xlfn.TEXTBEFORE(CONTROL[[#This Row],[VEHIDCODE]],"_")="diesel","DIESEL", _xlfn.TEXTBEFORE(CONTROL[[#This Row],[VEHIDCODE]],"_")="electric","ELECTRIC", _xlfn.TEXTBEFORE(CONTROL[[#This Row],[VEHIDCODE]],"_")="mtro","MULTIMETRO", _xlfn.TEXTBEFORE(CONTROL[[#This Row],[VEHIDCODE]],"_")="singlemtro","SINGLEMETRO", _xlfn.TEXTBEFORE(CONTROL[[#This Row],[VEHIDCODE]],"_")="dmu","DMU", _xlfn.TEXTBEFORE(CONTROL[[#This Row],[VEHIDCODE]],"_")="cargodmu","CARGODMU", _xlfn.TEXTBEFORE(CONTROL[[#This Row],[VEHIDCODE]],"_")="emu","EMU", _xlfn.TEXTBEFORE(CONTROL[[#This Row],[VEHIDCODE]],"_")="cargoemu","CARGOEMU", _xlfn.TEXTBEFORE(CONTROL[[#This Row],[VEHIDCODE]],"_",2)="mglv_Wagon","WAGONS_MGLV", AND(_xlfn.TEXTBEFORE(CONTROL[[#This Row],[VEHIDCODE]],"_",1)="mglv",_xlfn.XLOOKUP(CONTROL[[#This Row],[VEHIDCODE]],PROPERTIES[VEHIDCODE],PROPERTIES[DUAL_HEADED])=0),"MAGLEV", _xlfn.TEXTBEFORE(CONTROL[[#This Row],[VEHIDCODE]],"_")="mmu","MMU")} -> ID_RANGE_RBM | E568: =_xlfn.LET(_xlpm.val, IF(ISBLANK(CONTROL[[#This Row],[VEHIDCODE]]),"",_xlfn.MAXIFS(INDIRECT("E2:E"&ROW()-1,TRUE),INDIRECT("D2:D"&ROW()-1,TRUE),CONTROL[[#This Row],[VEHID_ID_CATEGORY]])+1),IF(_xlpm.val=1,_xlfn.XLOOKUP(CONTROL[[#This Row],[VEHID_ID_CATEGORY]],VEHICLE_ID_RANGES[ID Type],VEHICLE_ID_RANGES[Range Start]),_xlpm.val)) -> 16000 | F568: ACME Corp. Turbobus | G568: NA | H568: =AND(CONTROL[[#This Row],[IS_WAGON_OR_COACH]]=TRUE,OR(RIGHT(CONTROL[[#This Row],[VEHIDCODE]],7)="Powered",RIGHT(CONTROL[[#This Row],[VEHIDCODE]],9)="Unpowered")) -> FALSE | I568: =OR(ISNUMBER(SEARCH("_wagon_powered",CONTROL[[#This Row],[VEHIDCODE]])),ISNUMBER(SEARCH("_wagon_unpowered",CONTROL[[#This Row],[VEHIDCODE]])),ISNUMBER(SEARCH("mu_wagon_",CONTROL[[#This Row],[VEHIDCODE]])),ISNUMBER(SEARCH("mglv_wagon_",CONTROL[[#This Row],[VEHIDCODE]])),ISNUMBER(SEARCH("mu_coach_",CONTROL[[#This Row],[VEHIDCODE]])),ISNUMBER(SEARCH("mglv_coach_",CONTROL[[#This Row],[VEHIDCODE]]))) -> FALSE | J568: =ISNUMBER(_xlfn.XMATCH(CONTROL[[#This Row],[VEHIDCODE]],TRACK_TYPES[VEHIDCODE],0)) -> TRUE | K568: =ISNUMBER(_xlfn.XMATCH(CONTROL[[#This Row],[VEHIDCODE]],PROPERTIES[VEHIDCODE],0)) -> TRUE | L568: =ISNUMBER(_xlfn.XLOOKUP(CONTROL[[#This Row],[VEHIDCODE]],roster!A:A,roster!D:D)) -> TRUE | M568: =ISNUMBER(_xlfn.XMATCH(CONTROL[[#This Row],[VEHIDCODE]],GRAPHICS_PROPERTIES[VEHIDCODE],0)) -> TRUE | N568: ="item_"&CONTROL[[#This Row],[VEHIDCODE]] -> item_rbm_ACME_Corp__Turbobus | O568: ="str_"&CONTROL[[#This Row],[VEHIDCODE]] -> str_rbm_ACME_Corp__Turbobus | P568: =_xlfn.XLOOKUP(CONTROL[[#This Row],[VEHIDCODE]],PROPERTIES[VEHIDCODE],PROPERTIES[IS_CONCEPT])="IS_CONCEPT" -> TRUE | Q568: =_xlfn.XLOOKUP(CONTROL[[#This Row],[VEHIDCODE]],PROPERTIES[VEHIDCODE],PROPERTIES[EXCLUDE]) -> FALSE | R568: {=_xlfn.XLOOKUP(CONTROL[[#This Row],[VEHIDCODE]],GRAPHICS_PROPERTIES[VEHIDCODE],GRAPHICS_PROPERTIES[TEMPLATE_ID]&GRAPHICS_PROPERTIES[TEMPLATE_AMENDMENT_CODE])} -> TPL_16B
A569: mglv_Siemens_Eurosprinter_ES64U4M | B569: =_xlfn.TEXTAFTER(CONTROL[[#This Row],[VEHIDCODE]],"_") -> Siemens_Eurosprinter_ES64U4M | C569: {="src\"&(_xlfn.LET(_xlpm.l,SUBSTITUTE(CONTROL[[#This Row],[VEHID_ID_CATEGORY]],"ID_RANGE_",""),_xlfn.IFS( _xlpm.l="RBS","Railbus\Railbus_Steam", _xlpm.l="RBD","Railbus\Railbus_Diesel", _xlpm.l="RBE","Railbus\Railbus_Electric", _xlpm.l="RBM","Railbus\Railbus_Maglev", _xlpm.l="STEAM","Steam", _xlpm.l="DIESEL","Diesel", OR(_xlpm.l="ELECTRIC", _xlpm.l="MULTIMETRO"),"Electric", _xlpm.l="MAGLEV","Maglev", _xlpm.l="MULTIMAGLEV","MMU", _xlpm.l="CARGODMU","CargoDMU", _xlpm.l="DMU","DMU", _xlpm.l="CARGOEMU","CargoEMU", _xlpm.l="EMU","EMU", _xlpm.l="MMU","MMU", _xlpm.l="SINGLEMETRO","Single_Metro", OR(ISNUMBER(SEARCH("_powered",CONTROL[[#This Row],[VEHIDCODE]])),ISNUMBER(SEARCH("_unpowered",CONTROL[[#This Row],[VEHIDCODE]]))),"Special", _xlpm.l="WAGONS","wagons\"&SUBSTITUTE(_xlfn.TEXTBEFORE(SUBSTITUTE(_xlfn.TEXTAFTER(CONTROL[[#This Row],[VEHIDCODE]],"_",2),"Service_Car","Service#Car"),"_"),"#","_"), _xlpm.l="WAGONS_MGLV","Wagons_Maglev\"&_xlfn.TEXTBEFORE(_xlfn.TEXTAFTER(CONTROL[[#This Row],[VEHIDCODE]],"_",2),"_"), _xlpm.l="COACHES","Coaches\"&_xlfn.TEXTBEFORE(_xlfn.TEXTAFTER(CONTROL[[#This Row],[VEHIDCODE]],"_",2),"_"), _xlpm.l="COACHES_MGLV","Coaches_Maglev\"&_xlfn.TEXTBEFORE(_xlfn.TEXTAFTER(CONTROL[[#This Row],[VEHIDCODE]],"_",2),"_") )))} -> src\Maglev | D569: {="ID_RANGE_"&_xlfn.IFS( ISNUMBER(SEARCH("mglv_maglev_wagon",CONTROL[[#This Row],[VEHIDCODE]])),"UNIT_WAGONS_MGLV", ISNUMBER(SEARCH("mu_mu_cargo_wagon",CONTROL[[#This Row],[VEHIDCODE]])),"UNIT_WAGONS_RAIL_CARGO", ISNUMBER(SEARCH("mtro_metro_wagon_",CONTROL[[#This Row],[VEHIDCODE]])),"UNIT_WAGONS_MTRO", ISNUMBER(SEARCH("mu_mu_wagon",CONTROL[[#This Row],[VEHIDCODE]])),"UNIT_WAGONS_RAIL", ISNUMBER(SEARCH("mu_wagon",CONTROL[[#This Row],[VEHIDCODE]])),"WAGONS", ISNUMBER(SEARCH("mu_coach",CONTROL[[#This Row],[VEHIDCODE]])),"COACHES", ISNUMBER(SEARCH("mglv_coach",CONTROL[[#This Row],[VEHIDCODE]])),"COACHES_MGLV", _xlfn.TEXTBEFORE(CONTROL[[#This Row],[VEHIDCODE]],"_")="rbs","RBS", _xlfn.TEXTBEFORE(CONTROL[[#This Row],[VEHIDCODE]],"_")="rbd","RBD", _xlfn.TEXTBEFORE(CONTROL[[#This Row],[VEHIDCODE]],"_")="rbe","RBE", _xlfn.TEXTBEFORE(CONTROL[[#This Row],[VEHIDCODE]],"_")="rbm","RBM", _xlfn.TEXTBEFORE(CONTROL[[#This Row],[VEHIDCODE]],"_")="steam","STEAM", _xlfn.TEXTBEFORE(CONTROL[[#This Row],[VEHIDCODE]],"_")="diesel","DIESEL", _xlfn.TEXTBEFORE(CONTROL[[#This Row],[VEHIDCODE]],"_")="electric","ELECTRIC", _xlfn.TEXTBEFORE(CONTROL[[#This Row],[VEHIDCODE]],"_")="mtro","MULTIMETRO", _xlfn.TEXTBEFORE(CONTROL[[#This Row],[VEHIDCODE]],"_")="singlemtro","SINGLEMETRO", _xlfn.TEXTBEFORE(CONTROL[[#This Row],[VEHIDCODE]],"_")="dmu","DMU", _xlfn.TEXTBEFORE(CONTROL[[#This Row],[VEHIDCODE]],"_")="cargodmu","CARGODMU", _xlfn.TEXTBEFORE(CONTROL[[#This Row],[VEHIDCODE]],"_")="emu","EMU", _xlfn.TEXTBEFORE(CONTROL[[#This Row],[VEHIDCODE]],"_")="cargoemu","CARGOEMU", _xlfn.TEXTBEFORE(CONTROL[[#This Row],[VEHIDCODE]],"_",2)="mglv_Wagon","WAGONS_MGLV", AND(_xlfn.TEXTBEFORE(CONTROL[[#This Row],[VEHIDCODE]],"_",1)="mglv",_xlfn.XLOOKUP(CONTROL[[#This Row],[VEHIDCODE]],PROPERTIES[VEHIDCODE],PROPERTIES[DUAL_HEADED])=0),"MAGLEV", _xlfn.TEXTBEFORE(CONTROL[[#This Row],[VEHIDCODE]],"_")="mmu","MMU")} -> ID_RANGE_MAGLEV | E569: 15001 | F569: Siemens EuroSprinter ES64U4M | G569: NA | H569: =AND(CONTROL[[#This Row],[IS_WAGON_OR_COACH]]=TRUE,OR(RIGHT(CONTROL[[#This Row],[VEHIDCODE]],7)="Powered",RIGHT(CONTROL[[#This Row],[VEHIDCODE]],9)="Unpowered")) -> FALSE | I569: =OR(ISNUMBER(SEARCH("_wagon_powered",CONTROL[[#This Row],[VEHIDCODE]])),ISNUMBER(SEARCH("_wagon_unpowered",CONTROL[[#This Row],[VEHIDCODE]])),ISNUMBER(SEARCH("mu_wagon_",CONTROL[[#This Row],[VEHIDCODE]])),ISNUMBER(SEARCH("mglv_wagon_",CONTROL[[#This Row],[VEHIDCODE]])),ISNUMBER(SEARCH("mu_coach_",CONTROL[[#This Row],[VEHIDCODE]])),ISNUMBER(SEARCH("mglv_coach_",CONTROL[[#This Row],[VEHIDCODE]]))) -> FALSE | J569: =ISNUMBER(_xlfn.XMATCH(CONTROL[[#This Row],[VEHIDCODE]],TRACK_TYPES[VEHIDCODE],0)) -> TRUE | K569: =ISNUMBER(_xlfn.XMATCH(CONTROL[[#This Row],[VEHIDCODE]],PROPERTIES[VEHIDCODE],0)) -> TRUE | L569: =ISNUMBER(_xlfn.XLOOKUP(CONTROL[[#This Row],[VEHIDCODE]],roster!A:A,roster!D:D)) -> TRUE | M569: =ISNUMBER(_xlfn.XMATCH(CONTROL[[#This Row],[VEHIDCODE]],GRAPHICS_PROPERTIES[VEHIDCODE],0)) -> TRUE | N569: ="item_"&CONTROL[[#This Row],[VEHIDCODE]] -> item_mglv_Siemens_Eurosprinter_ES64U4M | O569: ="str_"&CONTROL[[#This Row],[VEHIDCODE]] -> str_mglv_Siemens_Eurosprinter_ES64U4M | P569: =_xlfn.XLOOKUP(CONTROL[[#This Row],[VEHIDCODE]],PROPERTIES[VEHIDCODE],PROPERTIES[IS_CONCEPT])="IS_CONCEPT" -> TRUE | Q569: =_xlfn.XLOOKUP(CONTROL[[#This Row],[VEHIDCODE]],PROPERTIES[VEHIDCODE],PROPERTIES[EXCLUDE]) -> FALSE | R569: {=_xlfn.XLOOKUP(CONTROL[[#This Row],[VEHIDCODE]],GRAPHICS_PROPERTIES[VEHIDCODE],GRAPHICS_PROPERTIES[TEMPLATE_ID]&GRAPHICS_PROPERTIES[TEMPLATE_AMENDMENT_CODE])} -> TPL_01A
A570: mmu_Siemens_Thyssenkrupp_Transrapid | B570: =_xlfn.TEXTAFTER(CONTROL[[#This Row],[VEHIDCODE]],"_") -> Siemens_Thyssenkrupp_Transrapid | C570: {="src\"&(_xlfn.LET(_xlpm.l,SUBSTITUTE(CONTROL[[#This Row],[VEHID_ID_CATEGORY]],"ID_RANGE_",""),_xlfn.IFS( _xlpm.l="RBS","Railbus\Railbus_Steam", _xlpm.l="RBD","Railbus\Railbus_Diesel", _xlpm.l="RBE","Railbus\Railbus_Electric", _xlpm.l="RBM","Railbus\Railbus_Maglev", _xlpm.l="STEAM","Steam", _xlpm.l="DIESEL","Diesel", OR(_xlpm.l="ELECTRIC", _xlpm.l="MULTIMETRO"),"Electric", _xlpm.l="MAGLEV","Maglev", _xlpm.l="MULTIMAGLEV","MMU", _xlpm.l="CARGODMU","CargoDMU", _xlpm.l="DMU","DMU", _xlpm.l="CARGOEMU","CargoEMU", _xlpm.l="EMU","EMU", _xlpm.l="MMU","MMU", _xlpm.l="SINGLEMETRO","Single_Metro", OR(ISNUMBER(SEARCH("_powered",CONTROL[[#This Row],[VEHIDCODE]])),ISNUMBER(SEARCH("_unpowered",CONTROL[[#This Row],[VEHIDCODE]]))),"Special", _xlpm.l="WAGONS","wagons\"&SUBSTITUTE(_xlfn.TEXTBEFORE(SUBSTITUTE(_xlfn.TEXTAFTER(CONTROL[[#This Row],[VEHIDCODE]],"_",2),"Service_Car","Service#Car"),"_"),"#","_"), _xlpm.l="WAGONS_MGLV","Wagons_Maglev\"&_xlfn.TEXTBEFORE(_xlfn.TEXTAFTER(CONTROL[[#This Row],[VEHIDCODE]],"_",2),"_"), _xlpm.l="COACHES","Coaches\"&_xlfn.TEXTBEFORE(_xlfn.TEXTAFTER(CONTROL[[#This Row],[VEHIDCODE]],"_",2),"_"), _xlpm.l="COACHES_MGLV","Coaches_Maglev\"&_xlfn.TEXTBEFORE(_xlfn.TEXTAFTER(CONTROL[[#This Row],[VEHIDCODE]],"_",2),"_") )))} -> src\MMU | D570: {="ID_RANGE_"&_xlfn.IFS( ISNUMBER(SEARCH("mglv_maglev_wagon",CONTROL[[#This Row],[VEHIDCODE]])),"UNIT_WAGONS_MGLV", ISNUMBER(SEARCH("mu_mu_cargo_wagon",CONTROL[[#This Row],[VEHIDCODE]])),"UNIT_WAGONS_RAIL_CARGO", ISNUMBER(SEARCH("mtro_metro_wagon_",CONTROL[[#This Row],[VEHIDCODE]])),"UNIT_WAGONS_MTRO", ISNUMBER(SEARCH("mu_mu_wagon",CONTROL[[#This Row],[VEHIDCODE]])),"UNIT_WAGONS_RAIL", ISNUMBER(SEARCH("mu_wagon",CONTROL[[#This Row],[VEHIDCODE]])),"WAGONS", ISNUMBER(SEARCH("mu_coach",CONTROL[[#This Row],[VEHIDCODE]])),"COACHES", ISNUMBER(SEARCH("mglv_coach",CONTROL[[#This Row],[VEHIDCODE]])),"COACHES_MGLV", _xlfn.TEXTBEFORE(CONTROL[[#This Row],[VEHIDCODE]],"_")="rbs","RBS", _xlfn.TEXTBEFORE(CONTROL[[#This Row],[VEHIDCODE]],"_")="rbd","RBD", _xlfn.TEXTBEFORE(CONTROL[[#This Row],[VEHIDCODE]],"_")="rbe","RBE", _xlfn.TEXTBEFORE(CONTROL[[#This Row],[VEHIDCODE]],"_")="rbm","RBM", _xlfn.TEXTBEFORE(CONTROL[[#This Row],[VEHIDCODE]],"_")="steam","STEAM", _xlfn.TEXTBEFORE(CONTROL[[#This Row],[VEHIDCODE]],"_")="diesel","DIESEL", _xlfn.TEXTBEFORE(CONTROL[[#This Row],[VEHIDCODE]],"_")="electric","ELECTRIC", _xlfn.TEXTBEFORE(CONTROL[[#This Row],[VEHIDCODE]],"_")="mtro","MULTIMETRO", _xlfn.TEXTBEFORE(CONTROL[[#This Row],[VEHIDCODE]],"_")="singlemtro","SINGLEMETRO", _xlfn.TEXTBEFORE(CONTROL[[#This Row],[VEHIDCODE]],"_")="dmu","DMU", _xlfn.TEXTBEFORE(CONTROL[[#This Row],[VEHIDCODE]],"_")="cargodmu","CARGODMU", _xlfn.TEXTBEFORE(CONTROL[[#This Row],[VEHIDCODE]],"_")="emu","EMU", _xlfn.TEXTBEFORE(CONTROL[[#This Row],[VEHIDCODE]],"_")="cargoemu","CARGOEMU", _xlfn.TEXTBEFORE(CONTROL[[#This Row],[VEHIDCODE]],"_",2)="mglv_Wagon","WAGONS_MGLV", AND(_xlfn.TEXTBEFORE(CONTROL[[#This Row],[VEHIDCODE]],"_",1)="mglv",_xlfn.XLOOKUP(CONTROL[[#This Row],[VEHIDCODE]],PROPERTIES[VEHIDCODE],PROPERTIES[DUAL_HEADED])=0),"MAGLEV", _xlfn.TEXTBEFORE(CONTROL[[#This Row],[VEHIDCODE]],"_")="mmu","MMU")} -> ID_RANGE_MMU | E570: =_xlfn.LET(_xlpm.val, IF(ISBLANK(CONTROL[[#This Row],[VEHIDCODE]]),"",_xlfn.MAXIFS(INDIRECT("E2:E"&ROW()-1,TRUE),INDIRECT("D2:D"&ROW()-1,TRUE),CONTROL[[#This Row],[VEHID_ID_CATEGORY]])+1),IF(_xlpm.val=1,_xlfn.XLOOKUP(CONTROL[[#This Row],[VEHID_ID_CATEGORY]],VEHICLE_ID_RANGES[ID Type],VEHICLE_ID_RANGES[Range Start]),_xlpm.val)) -> 10000 | F570: Siemens-Thyssenkrupp Transrapid | G570: https://en.wikipedia.org/wiki/Shanghai_maglev_train | H570: =AND(CONTROL[[#This Row],[IS_WAGON_OR_COACH]]=TRUE,OR(RIGHT(CONTROL[[#This Row],[VEHIDCODE]],7)="Powered",RIGHT(CONTROL[[#This Row],[VEHIDCODE]],9)="Unpowered")) -> FALSE | I570: =OR(ISNUMBER(SEARCH("_wagon_powered",CONTROL[[#This Row],[VEHIDCODE]])),ISNUMBER(SEARCH("_wagon_unpowered",CONTROL[[#This Row],[VEHIDCODE]])),ISNUMBER(SEARCH("mu_wagon_",CONTROL[[#This Row],[VEHIDCODE]])),ISNUMBER(SEARCH("mglv_wagon_",CONTROL[[#This Row],[VEHIDCODE]])),ISNUMBER(SEARCH("mu_coach_",CONTROL[[#This Row],[VEHIDCODE]])),ISNUMBER(SEARCH("mglv_coach_",CONTROL[[#This Row],[VEHIDCODE]]))) -> FALSE | J570: =ISNUMBER(_xlfn.XMATCH(CONTROL[[#This Row],[VEHIDCODE]],TRACK_TYPES[VEHIDCODE],0)) -> TRUE | K570: =ISNUMBER(_xlfn.XMATCH(CONTROL[[#This Row],[VEHIDCODE]],PROPERTIES[VEHIDCODE],0)) -> TRUE | L570: =ISNUMBER(_xlfn.XLOOKUP(CONTROL[[#This Row],[VEHIDCODE]],roster!A:A,roster!D:D)) -> TRUE | M570: =ISNUMBER(_xlfn.XMATCH(CONTROL[[#This Row],[VEHIDCODE]],GRAPHICS_PROPERTIES[VEHIDCODE],0)) -> TRUE | N570: ="item_"&CONTROL[[#This Row],[VEHIDCODE]] -> item_mmu_Siemens_Thyssenkrupp_Transrapid | O570: ="str_"&CONTROL[[#This Row],[VEHIDCODE]] -> str_mmu_Siemens_Thyssenkrupp_Transrapid | P570: =_xlfn.XLOOKUP(CONTROL[[#This Row],[VEHIDCODE]],PROPERTIES[VEHIDCODE],PROPERTIES[IS_CONCEPT])="IS_CONCEPT" -> FALSE | Q570: =_xlfn.XLOOKUP(CONTROL[[#This Row],[VEHIDCODE]],PROPERTIES[VEHIDCODE],PROPERTIES[EXCLUDE]) -> FALSE | R570: {=_xlfn.XLOOKUP(CONTROL[[#This Row],[VEHIDCODE]],GRAPHICS_PROPERTIES[VEHIDCODE],GRAPHICS_PROPERTIES[TEMPLATE_ID]&GRAPHICS_PROPERTIES[TEMPLATE_AMENDMENT_CODE])} -> TPL_02A
A571: mmu_Mistubishi_Nippon_Sharyo_MLX01_901 | B571: =_xlfn.TEXTAFTER(CONTROL[[#This Row],[VEHIDCODE]],"_") -> Mistubishi_Nippon_Sharyo_MLX01_901 | C571: {="src\"&(_xlfn.LET(_xlpm.l,SUBSTITUTE(CONTROL[[#This Row],[VEHID_ID_CATEGORY]],"ID_RANGE_",""),_xlfn.IFS( _xlpm.l="RBS","Railbus\Railbus_Steam", _xlpm.l="RBD","Railbus\Railbus_Diesel", _xlpm.l="RBE","Railbus\Railbus_Electric", _xlpm.l="RBM","Railbus\Railbus_Maglev", _xlpm.l="STEAM","Steam", _xlpm.l="DIESEL","Diesel", OR(_xlpm.l="ELECTRIC", _xlpm.l="MULTIMETRO"),"Electric", _xlpm.l="MAGLEV","Maglev", _xlpm.l="MULTIMAGLEV","MMU", _xlpm.l="CARGODMU","CargoDMU", _xlpm.l="DMU","DMU", _xlpm.l="CARGOEMU","CargoEMU", _xlpm.l="EMU","EMU", _xlpm.l="MMU","MMU", _xlpm.l="SINGLEMETRO","Single_Metro", OR(ISNUMBER(SEARCH("_powered",CONTROL[[#This Row],[VEHIDCODE]])),ISNUMBER(SEARCH("_unpowered",CONTROL[[#This Row],[VEHIDCODE]]))),"Special", _xlpm.l="WAGONS","wagons\"&SUBSTITUTE(_xlfn.TEXTBEFORE(SUBSTITUTE(_xlfn.TEXTAFTER(CONTROL[[#This Row],[VEHIDCODE]],"_",2),"Service_Car","Service#Car"),"_"),"#","_"), _xlpm.l="WAGONS_MGLV","Wagons_Maglev\"&_xlfn.TEXTBEFORE(_xlfn.TEXTAFTER(CONTROL[[#This Row],[VEHIDCODE]],"_",2),"_"), _xlpm.l="COACHES","Coaches\"&_xlfn.TEXTBEFORE(_xlfn.TEXTAFTER(CONTROL[[#This Row],[VEHIDCODE]],"_",2),"_"), _xlpm.l="COACHES_MGLV","Coaches_Maglev\"&_xlfn.TEXTBEFORE(_xlfn.TEXTAFTER(CONTROL[[#This Row],[VEHIDCODE]],"_",2),"_") )))} -> src\MMU | D571: {="ID_RANGE_"&_xlfn.IFS( ISNUMBER(SEARCH("mglv_maglev_wagon",CONTROL[[#This Row],[VEHIDCODE]])),"UNIT_WAGONS_MGLV", ISNUMBER(SEARCH("mu_mu_cargo_wagon",CONTROL[[#This Row],[VEHIDCODE]])),"UNIT_WAGONS_RAIL_CARGO", ISNUMBER(SEARCH("mtro_metro_wagon_",CONTROL[[#This Row],[VEHIDCODE]])),"UNIT_WAGONS_MTRO", ISNUMBER(SEARCH("mu_mu_wagon",CONTROL[[#This Row],[VEHIDCODE]])),"UNIT_WAGONS_RAIL", ISNUMBER(SEARCH("mu_wagon",CONTROL[[#This Row],[VEHIDCODE]])),"WAGONS", ISNUMBER(SEARCH("mu_coach",CONTROL[[#This Row],[VEHIDCODE]])),"COACHES", ISNUMBER(SEARCH("mglv_coach",CONTROL[[#This Row],[VEHIDCODE]])),"COACHES_MGLV", _xlfn.TEXTBEFORE(CONTROL[[#This Row],[VEHIDCODE]],"_")="rbs","RBS", _xlfn.TEXTBEFORE(CONTROL[[#This Row],[VEHIDCODE]],"_")="rbd","RBD", _xlfn.TEXTBEFORE(CONTROL[[#This Row],[VEHIDCODE]],"_")="rbe","RBE", _xlfn.TEXTBEFORE(CONTROL[[#This Row],[VEHIDCODE]],"_")="rbm","RBM", _xlfn.TEXTBEFORE(CONTROL[[#This Row],[VEHIDCODE]],"_")="steam","STEAM", _xlfn.TEXTBEFORE(CONTROL[[#This Row],[VEHIDCODE]],"_")="diesel","DIESEL", _xlfn.TEXTBEFORE(CONTROL[[#This Row],[VEHIDCODE]],"_")="electric","ELECTRIC", _xlfn.TEXTBEFORE(CONTROL[[#This Row],[VEHIDCODE]],"_")="mtro","MULTIMETRO", _xlfn.TEXTBEFORE(CONTROL[[#This Row],[VEHIDCODE]],"_")="singlemtro","SINGLEMETRO", _xlfn.TEXTBEFORE(CONTROL[[#This Row],[VEHIDCODE]],"_")="dmu","DMU", _xlfn.TEXTBEFORE(CONTROL[[#This Row],[VEHIDCODE]],"_")="cargodmu","CARGODMU", _xlfn.TEXTBEFORE(CONTROL[[#This Row],[VEHIDCODE]],"_")="emu","EMU", _xlfn.TEXTBEFORE(CONTROL[[#This Row],[VEHIDCODE]],"_")="cargoemu","CARGOEMU", _xlfn.TEXTBEFORE(CONTROL[[#This Row],[VEHIDCODE]],"_",2)="mglv_Wagon","WAGONS_MGLV", AND(_xlfn.TEXTBEFORE(CONTROL[[#This Row],[VEHIDCODE]],"_",1)="mglv",_xlfn.XLOOKUP(CONTROL[[#This Row],[VEHIDCODE]],PROPERTIES[VEHIDCODE],PROPERTIES[DUAL_HEADED])=0),"MAGLEV", _xlfn.TEXTBEFORE(CONTROL[[#This Row],[VEHIDCODE]],"_")="mmu","MMU")} -> ID_RANGE_MMU | E571: =_xlfn.LET(_xlpm.val, IF(ISBLANK(CONTROL[[#This Row],[VEHIDCODE]]),"",_xlfn.MAXIFS(INDIRECT("E2:E"&ROW()-1,TRUE),INDIRECT("D2:D"&ROW()-1,TRUE),CONTROL[[#This Row],[VEHID_ID_CATEGORY]])+1),IF(_xlpm.val=1,_xlfn.XLOOKUP(CONTROL[[#This Row],[VEHID_ID_CATEGORY]],VEHICLE_ID_RANGES[ID Type],VEHICLE_ID_RANGES[Range Start]),_xlpm.val)) -> 10001 | F571: Mistubishi/Nippon Sharyo MLX01-901 | G571: https://en.wikipedia.org/wiki/L0_Series | H571: =AND(CONTROL[[#This Row],[IS_WAGON_OR_COACH]]=TRUE,OR(RIGHT(CONTROL[[#This Row],[VEHIDCODE]],7)="Powered",RIGHT(CONTROL[[#This Row],[VEHIDCODE]],9)="Unpowered")) -> FALSE | I571: =OR(ISNUMBER(SEARCH("_wagon_powered",CONTROL[[#This Row],[VEHIDCODE]])),ISNUMBER(SEARCH("_wagon_unpowered",CONTROL[[#This Row],[VEHIDCODE]])),ISNUMBER(SEARCH("mu_wagon_",CONTROL[[#This Row],[VEHIDCODE]])),ISNUMBER(SEARCH("mglv_wagon_",CONTROL[[#This Row],[VEHIDCODE]])),ISNUMBER(SEARCH("mu_coach_",CONTROL[[#This Row],[VEHIDCODE]])),ISNUMBER(SEARCH("mglv_coach_",CONTROL[[#This Row],[VEHIDCODE]]))) -> FALSE | J571: =ISNUMBER(_xlfn.XMATCH(CONTROL[[#This Row],[VEHIDCODE]],TRACK_TYPES[VEHIDCODE],0)) -> TRUE | K571: =ISNUMBER(_xlfn.XMATCH(CONTROL[[#This Row],[VEHIDCODE]],PROPERTIES[VEHIDCODE],0)) -> TRUE | L571: =ISNUMBER(_xlfn.XLOOKUP(CONTROL[[#This Row],[VEHIDCODE]],roster!A:A,roster!D:D)) -> TRUE | M571: =ISNUMBER(_xlfn.XMATCH(CONTROL[[#This Row],[VEHIDCODE]],GRAPHICS_PROPERTIES[VEHIDCODE],0)) -> TRUE | N571: ="item_"&CONTROL[[#This Row],[VEHIDCODE]] -> item_mmu_Mistubishi_Nippon_Sharyo_MLX01_901 | O571: ="str_"&CONTROL[[#This Row],[VEHIDCODE]] -> str_mmu_Mistubishi_Nippon_Sharyo_MLX01_901 | P571: =_xlfn.XLOOKUP(CONTROL[[#This Row],[VEHIDCODE]],PROPERTIES[VEHIDCODE],PROPERTIES[IS_CONCEPT])="IS_CONCEPT" -> TRUE | Q571: =_xlfn.XLOOKUP(CONTROL[[#This Row],[VEHIDCODE]],PROPERTIES[VEHIDCODE],PROPERTIES[EXCLUDE]) -> FALSE | R571: {=_xlfn.XLOOKUP(CONTROL[[#This Row],[VEHIDCODE]],GRAPHICS_PROPERTIES[VEHIDCODE],GRAPHICS_PROPERTIES[TEMPLATE_ID]&GRAPHICS_PROPERTIES[TEMPLATE_AMENDMENT_CODE])} -> TPL_02A
A572: mglv_Wagon_Gen7M_Boxcar_Type1 | B572: =_xlfn.TEXTAFTER(CONTROL[[#This Row],[VEHIDCODE]],"_") -> Wagon_Gen7M_Boxcar_Type1 | C572: {="src\"&(_xlfn.LET(_xlpm.l,SUBSTITUTE(CONTROL[[#This Row],[VEHID_ID_CATEGORY]],"ID_RANGE_",""),_xlfn.IFS( _xlpm.l="RBS","Railbus\Railbus_Steam", _xlpm.l="RBD","Railbus\Railbus_Diesel", _xlpm.l="RBE","Railbus\Railbus_Electric", _xlpm.l="RBM","Railbus\Railbus_Maglev", _xlpm.l="STEAM","Steam", _xlpm.l="DIESEL","Diesel", OR(_xlpm.l="ELECTRIC", _xlpm.l="MULTIMETRO"),"Electric", _xlpm.l="MAGLEV","Maglev", _xlpm.l="MULTIMAGLEV","MMU", _xlpm.l="CARGODMU","CargoDMU", _xlpm.l="DMU","DMU", _xlpm.l="CARGOEMU","CargoEMU", _xlpm.l="EMU","EMU", _xlpm.l="MMU","MMU", _xlpm.l="SINGLEMETRO","Single_Metro", OR(ISNUMBER(SEARCH("_powered",CONTROL[[#This Row],[VEHIDCODE]])),ISNUMBER(SEARCH("_unpowered",CONTROL[[#This Row],[VEHIDCODE]]))),"Special", _xlpm.l="WAGONS","wagons\"&SUBSTITUTE(_xlfn.TEXTBEFORE(SUBSTITUTE(_xlfn.TEXTAFTER(CONTROL[[#This Row],[VEHIDCODE]],"_",2),"Service_Car","Service#Car"),"_"),"#","_"), _xlpm.l="WAGONS_MGLV","Wagons_Maglev\"&_xlfn.TEXTBEFORE(_xlfn.TEXTAFTER(CONTROL[[#This Row],[VEHIDCODE]],"_",2),"_"), _xlpm.l="COACHES","Coaches\"&_xlfn.TEXTBEFORE(_xlfn.TEXTAFTER(CONTROL[[#This Row],[VEHIDCODE]],"_",2),"_"), _xlpm.l="COACHES_MGLV","Coaches_Maglev\"&_xlfn.TEXTBEFORE(_xlfn.TEXTAFTER(CONTROL[[#This Row],[VEHIDCODE]],"_",2),"_") )))} -> src\Wagons_Maglev\Gen7M | D572: {="ID_RANGE_"&_xlfn.IFS( ISNUMBER(SEARCH("mglv_maglev_wagon",CONTROL[[#This Row],[VEHIDCODE]])),"UNIT_WAGONS_MGLV", ISNUMBER(SEARCH("mu_mu_cargo_wagon",CONTROL[[#This Row],[VEHIDCODE]])),"UNIT_WAGONS_RAIL_CARGO", ISNUMBER(SEARCH("mtro_metro_wagon_",CONTROL[[#This Row],[VEHIDCODE]])),"UNIT_WAGONS_MTRO", ISNUMBER(SEARCH("mu_mu_wagon",CONTROL[[#This Row],[VEHIDCODE]])),"UNIT_WAGONS_RAIL", ISNUMBER(SEARCH("mu_wagon",CONTROL[[#This Row],[VEHIDCODE]])),"WAGONS", ISNUMBER(SEARCH("mu_coach",CONTROL[[#This Row],[VEHIDCODE]])),"COACHES", ISNUMBER(SEARCH("mglv_coach",CONTROL[[#This Row],[VEHIDCODE]])),"COACHES_MGLV", _xlfn.TEXTBEFORE(CONTROL[[#This Row],[VEHIDCODE]],"_")="rbs","RBS", _xlfn.TEXTBEFORE(CONTROL[[#This Row],[VEHIDCODE]],"_")="rbd","RBD", _xlfn.TEXTBEFORE(CONTROL[[#This Row],[VEHIDCODE]],"_")="rbe","RBE", _xlfn.TEXTBEFORE(CONTROL[[#This Row],[VEHIDCODE]],"_")="rbm","RBM", _xlfn.TEXTBEFORE(CONTROL[[#This Row],[VEHIDCODE]],"_")="steam","STEAM", _xlfn.TEXTBEFORE(CONTROL[[#This Row],[VEHIDCODE]],"_")="diesel","DIESEL", _xlfn.TEXTBEFORE(CONTROL[[#This Row],[VEHIDCODE]],"_")="electric","ELECTRIC", _xlfn.TEXTBEFORE(CONTROL[[#This Row],[VEHIDCODE]],"_")="mtro","MULTIMETRO", _xlfn.TEXTBEFORE(CONTROL[[#This Row],[VEHIDCODE]],"_")="singlemtro","SINGLEMETRO", _xlfn.TEXTBEFORE(CONTROL[[#This Row],[VEHIDCODE]],"_")="dmu","DMU", _xlfn.TEXTBEFORE(CONTROL[[#This Row],[VEHIDCODE]],"_")="cargodmu","CARGODMU", _xlfn.TEXTBEFORE(CONTROL[[#This Row],[VEHIDCODE]],"_")="emu","EMU", _xlfn.TEXTBEFORE(CONTROL[[#This Row],[VEHIDCODE]],"_")="cargoemu","CARGOEMU", _xlfn.TEXTBEFORE(CONTROL[[#This Row],[VEHIDCODE]],"_",2)="mglv_Wagon","WAGONS_MGLV", AND(_xlfn.TEXTBEFORE(CONTROL[[#This Row],[VEHIDCODE]],"_",1)="mglv",_xlfn.XLOOKUP(CONTROL[[#This Row],[VEHIDCODE]],PROPERTIES[VEHIDCODE],PROPERTIES[DUAL_HEADED])=0),"MAGLEV", _xlfn.TEXTBEFORE(CONTROL[[#This Row],[VEHIDCODE]],"_")="mmu","MMU")} -> ID_RANGE_WAGONS_MGLV | E572: =_xlfn.LET(_xlpm.val, IF(ISBLANK(CONTROL[[#This Row],[VEHIDCODE]]),"",_xlfn.MAXIFS(INDIRECT("E2:E"&ROW()-1,TRUE),INDIRECT("D2:D"&ROW()-1,TRUE),CONTROL[[#This Row],[VEHID_ID_CATEGORY]])+1),IF(_xlpm.val=1,_xlfn.XLOOKUP(CONTROL[[#This Row],[VEHID_ID_CATEGORY]],VEHICLE_ID_RANGES[ID Type],VEHICLE_ID_RANGES[Range Start]),_xlpm.val)) -> 10500 | F572: 7th Gen Boxcar [Food] | G572: NA | H572: =AND(CONTROL[[#This Row],[IS_WAGON_OR_COACH]]=TRUE,OR(RIGHT(CONTROL[[#This Row],[VEHIDCODE]],7)="Powered",RIGHT(CONTROL[[#This Row],[VEHIDCODE]],9)="Unpowered")) -> FALSE | I572: =OR(ISNUMBER(SEARCH("_wagon_powered",CONTROL[[#This Row],[VEHIDCODE]])),ISNUMBER(SEARCH("_wagon_unpowered",CONTROL[[#This Row],[VEHIDCODE]])),ISNUMBER(SEARCH("mu_wagon_",CONTROL[[#This Row],[VEHIDCODE]])),ISNUMBER(SEARCH("mglv_wagon_",CONTROL[[#This Row],[VEHIDCODE]])),ISNUMBER(SEARCH("mu_coach_",CONTROL[[#This Row],[VEHIDCODE]])),ISNUMBER(SEARCH("mglv_coach_",CONTROL[[#This Row],[VEHIDCODE]]))) -> TRUE | J572: =ISNUMBER(_xlfn.XMATCH(CONTROL[[#This Row],[VEHIDCODE]],TRACK_TYPES[VEHIDCODE],0)) -> TRUE | K572: =ISNUMBER(_xlfn.XMATCH(CONTROL[[#This Row],[VEHIDCODE]],PROPERTIES[VEHIDCODE],0)) -> TRUE | L572: =ISNUMBER(_xlfn.XLOOKUP(CONTROL[[#This Row],[VEHIDCODE]],roster!A:A,roster!D:D)) -> TRUE | M572: =ISNUMBER(_xlfn.XMATCH(CONTROL[[#This Row],[VEHIDCODE]],GRAPHICS_PROPERTIES[VEHIDCODE],0)) -> TRUE | N572: ="item_"&CONTROL[[#This Row],[VEHIDCODE]] -> item_mglv_Wagon_Gen7M_Boxcar_Type1 | O572: ="str_"&CONTROL[[#This Row],[VEHIDCODE]] -> str_mglv_Wagon_Gen7M_Boxcar_Type1 | P572: =_xlfn.XLOOKUP(CONTROL[[#This Row],[VEHIDCODE]],PROPERTIES[VEHIDCODE],PROPERTIES[IS_CONCEPT])="IS_CONCEPT" -> TRUE | Q572: =_xlfn.XLOOKUP(CONTROL[[#This Row],[VEHIDCODE]],PROPERTIES[VEHIDCODE],PROPERTIES[EXCLUDE]) -> FALSE | R572: {=_xlfn.XLOOKUP(CONTROL[[#This Row],[VEHIDCODE]],GRAPHICS_PROPERTIES[VEHIDCODE],GRAPHICS_PROPERTIES[TEMPLATE_ID]&GRAPHICS_PROPERTIES[TEMPLATE_AMENDMENT_CODE])} -> TPL_04B
A573: mglv_Wagon_Gen7M_Boxcar_Type2 | B573: =_xlfn.TEXTAFTER(CONTROL[[#This Row],[VEHIDCODE]],"_") -> Wagon_Gen7M_Boxcar_Type2 | C573: {="src\"&(_xlfn.LET(_xlpm.l,SUBSTITUTE(CONTROL[[#This Row],[VEHID_ID_CATEGORY]],"ID_RANGE_",""),_xlfn.IFS( _xlpm.l="RBS","Railbus\Railbus_Steam", _xlpm.l="RBD","Railbus\Railbus_Diesel", _xlpm.l="RBE","Railbus\Railbus_Electric", _xlpm.l="RBM","Railbus\Railbus_Maglev", _xlpm.l="STEAM","Steam", _xlpm.l="DIESEL","Diesel", OR(_xlpm.l="ELECTRIC", _xlpm.l="MULTIMETRO"),"Electric", _xlpm.l="MAGLEV","Maglev", _xlpm.l="MULTIMAGLEV","MMU", _xlpm.l="CARGODMU","CargoDMU", _xlpm.l="DMU","DMU", _xlpm.l="CARGOEMU","CargoEMU", _xlpm.l="EMU","EMU", _xlpm.l="MMU","MMU", _xlpm.l="SINGLEMETRO","Single_Metro", OR(ISNUMBER(SEARCH("_powered",CONTROL[[#This Row],[VEHIDCODE]])),ISNUMBER(SEARCH("_unpowered",CONTROL[[#This Row],[VEHIDCODE]]))),"Special", _xlpm.l="WAGONS","wagons\"&SUBSTITUTE(_xlfn.TEXTBEFORE(SUBSTITUTE(_xlfn.TEXTAFTER(CONTROL[[#This Row],[VEHIDCODE]],"_",2),"Service_Car","Service#Car"),"_"),"#","_"), _xlpm.l="WAGONS_MGLV","Wagons_Maglev\"&_xlfn.TEXTBEFORE(_xlfn.TEXTAFTER(CONTROL[[#This Row],[VEHIDCODE]],"_",2),"_"), _xlpm.l="COACHES","Coaches\"&_xlfn.TEXTBEFORE(_xlfn.TEXTAFTER(CONTROL[[#This Row],[VEHIDCODE]],"_",2),"_"), _xlpm.l="COACHES_MGLV","Coaches_Maglev\"&_xlfn.TEXTBEFORE(_xlfn.TEXTAFTER(CONTROL[[#This Row],[VEHIDCODE]],"_",2),"_") )))} -> src\Wagons_Maglev\Gen7M | D573: {="ID_RANGE_"&_xlfn.IFS( ISNUMBER(SEARCH("mglv_maglev_wagon",CONTROL[[#This Row],[VEHIDCODE]])),"UNIT_WAGONS_MGLV", ISNUMBER(SEARCH("mu_mu_cargo_wagon",CONTROL[[#This Row],[VEHIDCODE]])),"UNIT_WAGONS_RAIL_CARGO", ISNUMBER(SEARCH("mtro_metro_wagon_",CONTROL[[#This Row],[VEHIDCODE]])),"UNIT_WAGONS_MTRO", ISNUMBER(SEARCH("mu_mu_wagon",CONTROL[[#This Row],[VEHIDCODE]])),"UNIT_WAGONS_RAIL", ISNUMBER(SEARCH("mu_wagon",CONTROL[[#This Row],[VEHIDCODE]])),"WAGONS", ISNUMBER(SEARCH("mu_coach",CONTROL[[#This Row],[VEHIDCODE]])),"COACHES", ISNUMBER(SEARCH("mglv_coach",CONTROL[[#This Row],[VEHIDCODE]])),"COACHES_MGLV", _xlfn.TEXTBEFORE(CONTROL[[#This Row],[VEHIDCODE]],"_")="rbs","RBS", _xlfn.TEXTBEFORE(CONTROL[[#This Row],[VEHIDCODE]],"_")="rbd","RBD", _xlfn.TEXTBEFORE(CONTROL[[#This Row],[VEHIDCODE]],"_")="rbe","RBE", _xlfn.TEXTBEFORE(CONTROL[[#This Row],[VEHIDCODE]],"_")="rbm","RBM", _xlfn.TEXTBEFORE(CONTROL[[#This Row],[VEHIDCODE]],"_")="steam","STEAM", _xlfn.TEXTBEFORE(CONTROL[[#This Row],[VEHIDCODE]],"_")="diesel","DIESEL", _xlfn.TEXTBEFORE(CONTROL[[#This Row],[VEHIDCODE]],"_")="electric","ELECTRIC", _xlfn.TEXTBEFORE(CONTROL[[#This Row],[VEHIDCODE]],"_")="mtro","MULTIMETRO", _xlfn.TEXTBEFORE(CONTROL[[#This Row],[VEHIDCODE]],"_")="singlemtro","SINGLEMETRO", _xlfn.TEXTBEFORE(CONTROL[[#This Row],[VEHIDCODE]],"_")="dmu","DMU", _xlfn.TEXTBEFORE(CONTROL[[#This Row],[VEHIDCODE]],"_")="cargodmu","CARGODMU", _xlfn.TEXTBEFORE(CONTROL[[#This Row],[VEHIDCODE]],"_")="emu","EMU", _xlfn.TEXTBEFORE(CONTROL[[#This Row],[VEHIDCODE]],"_")="cargoemu","CARGOEMU", _xlfn.TEXTBEFORE(CONTROL[[#This Row],[VEHIDCODE]],"_",2)="mglv_Wagon","WAGONS_MGLV", AND(_xlfn.TEXTBEFORE(CONTROL[[#This Row],[VEHIDCODE]],"_",1)="mglv",_xlfn.XLOOKUP(CONTROL[[#This Row],[VEHIDCODE]],PROPERTIES[VEHIDCODE],PROPERTIES[DUAL_HEADED])=0),"MAGLEV", _xlfn.TEXTBEFORE(CONTROL[[#This Row],[VEHIDCODE]],"_")="mmu","MMU")} -> ID_RANGE_WAGONS_MGLV | E573: =_xlfn.LET(_xlpm.val, IF(ISBLANK(CONTROL[[#This Row],[VEHIDCODE]]),"",_xlfn.MAXIFS(INDIRECT("E2:E"&ROW()-1,TRUE),INDIRECT("D2:D"&ROW()-1,TRUE),CONTROL[[#This Row],[VEHID_ID_CATEGORY]])+1),IF(_xlpm.val=1,_xlfn.XLOOKUP(CONTROL[[#This Row],[VEHID_ID_CATEGORY]],VEHICLE_ID_RANGES[ID Type],VEHICLE_ID_RANGES[Range Start]),_xlpm.val)) -> 10501 | F573: 7th Gen Boxcar [Non-Food] | G573: NA | H573: =AND(CONTROL[[#This Row],[IS_WAGON_OR_COACH]]=TRUE,OR(RIGHT(CONTROL[[#This Row],[VEHIDCODE]],7)="Powered",RIGHT(CONTROL[[#This Row],[VEHIDCODE]],9)="Unpowered")) -> FALSE | I573: =OR(ISNUMBER(SEARCH("_wagon_powered",CONTROL[[#This Row],[VEHIDCODE]])),ISNUMBER(SEARCH("_wagon_unpowered",CONTROL[[#This Row],[VEHIDCODE]])),ISNUMBER(SEARCH("mu_wagon_",CONTROL[[#This Row],[VEHIDCODE]])),ISNUMBER(SEARCH("mglv_wagon_",CONTROL[[#This Row],[VEHIDCODE]])),ISNUMBER(SEARCH("mu_coach_",CONTROL[[#This Row],[VEHIDCODE]])),ISNUMBER(SEARCH("mglv_coach_",CONTROL[[#This Row],[VEHIDCODE]]))) -> TRUE | J573: =ISNUMBER(_xlfn.XMATCH(CONTROL[[#This Row],[VEHIDCODE]],TRACK_TYPES[VEHIDCODE],0)) -> TRUE | K573: =ISNUMBER(_xlfn.XMATCH(CONTROL[[#This Row],[VEHIDCODE]],PROPERTIES[VEHIDCODE],0)) -> TRUE | L573: =ISNUMBER(_xlfn.XLOOKUP(CONTROL[[#This Row],[VEHIDCODE]],roster!A:A,roster!D:D)) -> TRUE | M573: =ISNUMBER(_xlfn.XMATCH(CONTROL[[#This Row],[VEHIDCODE]],GRAPHICS_PROPERTIES[VEHIDCODE],0)) -> TRUE | N573: ="item_"&CONTROL[[#This Row],[VEHIDCODE]] -> item_mglv_Wagon_Gen7M_Boxcar_Type2 | O573: ="str_"&CONTROL[[#This Row],[VEHIDCODE]] -> str_mglv_Wagon_Gen7M_Boxcar_Type2 | P573: =_xlfn.XLOOKUP(CONTROL[[#This Row],[VEHIDCODE]],PROPERTIES[VEHIDCODE],PROPERTIES[IS_CONCEPT])="IS_CONCEPT" -> TRUE | Q573: =_xlfn.XLOOKUP(CONTROL[[#This Row],[VEHIDCODE]],PROPERTIES[VEHIDCODE],PROPERTIES[EXCLUDE]) -> FALSE | R573: {=_xlfn.XLOOKUP(CONTROL[[#This Row],[VEHIDCODE]],GRAPHICS_PROPERTIES[VEHIDCODE],GRAPHICS_PROPERTIES[TEMPLATE_ID]&GRAPHICS_PROPERTIES[TEMPLATE_AMENDMENT_CODE])} -> TPL_04B
A574: mglv_Wagon_Gen7M_Car_Transporter | B574: =_xlfn.TEXTAFTER(CONTROL[[#This Row],[VEHIDCODE]],"_") -> Wagon_Gen7M_Car_Transporter | C574: {="src\"&(_xlfn.LET(_xlpm.l,SUBSTITUTE(CONTROL[[#This Row],[VEHID_ID_CATEGORY]],"ID_RANGE_",""),_xlfn.IFS( _xlpm.l="RBS","Railbus\Railbus_Steam", _xlpm.l="RBD","Railbus\Railbus_Diesel", _xlpm.l="RBE","Railbus\Railbus_Electric", _xlpm.l="RBM","Railbus\Railbus_Maglev", _xlpm.l="STEAM","Steam", _xlpm.l="DIESEL","Diesel", OR(_xlpm.l="ELECTRIC", _xlpm.l="MULTIMETRO"),"Electric", _xlpm.l="MAGLEV","Maglev", _xlpm.l="MULTIMAGLEV","MMU", _xlpm.l="CARGODMU","CargoDMU", _xlpm.l="DMU","DMU", _xlpm.l="CARGOEMU","CargoEMU", _xlpm.l="EMU","EMU", _xlpm.l="MMU","MMU", _xlpm.l="SINGLEMETRO","Single_Metro", OR(ISNUMBER(SEARCH("_powered",CONTROL[[#This Row],[VEHIDCODE]])),ISNUMBER(SEARCH("_unpowered",CONTROL[[#This Row],[VEHIDCODE]]))),"Special", _xlpm.l="WAGONS","wagons\"&SUBSTITUTE(_xlfn.TEXTBEFORE(SUBSTITUTE(_xlfn.TEXTAFTER(CONTROL[[#This Row],[VEHIDCODE]],"_",2),"Service_Car","Service#Car"),"_"),"#","_"), _xlpm.l="WAGONS_MGLV","Wagons_Maglev\"&_xlfn.TEXTBEFORE(_xlfn.TEXTAFTER(CONTROL[[#This Row],[VEHIDCODE]],"_",2),"_"), _xlpm.l="COACHES","Coaches\"&_xlfn.TEXTBEFORE(_xlfn.TEXTAFTER(CONTROL[[#This Row],[VEHIDCODE]],"_",2),"_"), _xlpm.l="COACHES_MGLV","Coaches_Maglev\"&_xlfn.TEXTBEFORE(_xlfn.TEXTAFTER(CONTROL[[#This Row],[VEHIDCODE]],"_",2),"_") )))} -> src\Wagons_Maglev\Gen7M | D574: {="ID_RANGE_"&_xlfn.IFS( ISNUMBER(SEARCH("mglv_maglev_wagon",CONTROL[[#This Row],[VEHIDCODE]])),"UNIT_WAGONS_MGLV", ISNUMBER(SEARCH("mu_mu_cargo_wagon",CONTROL[[#This Row],[VEHIDCODE]])),"UNIT_WAGONS_RAIL_CARGO", ISNUMBER(SEARCH("mtro_metro_wagon_",CONTROL[[#This Row],[VEHIDCODE]])),"UNIT_WAGONS_MTRO", ISNUMBER(SEARCH("mu_mu_wagon",CONTROL[[#This Row],[VEHIDCODE]])),"UNIT_WAGONS_RAIL", ISNUMBER(SEARCH("mu_wagon",CONTROL[[#This Row],[VEHIDCODE]])),"WAGONS", ISNUMBER(SEARCH("mu_coach",CONTROL[[#This Row],[VEHIDCODE]])),"COACHES", ISNUMBER(SEARCH("mglv_coach",CONTROL[[#This Row],[VEHIDCODE]])),"COACHES_MGLV", _xlfn.TEXTBEFORE(CONTROL[[#This Row],[VEHIDCODE]],"_")="rbs","RBS", _xlfn.TEXTBEFORE(CONTROL[[#This Row],[VEHIDCODE]],"_")="rbd","RBD", _xlfn.TEXTBEFORE(CONTROL[[#This Row],[VEHIDCODE]],"_")="rbe","RBE", _xlfn.TEXTBEFORE(CONTROL[[#This Row],[VEHIDCODE]],"_")="rbm","RBM", _xlfn.TEXTBEFORE(CONTROL[[#This Row],[VEHIDCODE]],"_")="steam","STEAM", _xlfn.TEXTBEFORE(CONTROL[[#This Row],[VEHIDCODE]],"_")="diesel","DIESEL", _xlfn.TEXTBEFORE(CONTROL[[#This Row],[VEHIDCODE]],"_")="electric","ELECTRIC", _xlfn.TEXTBEFORE(CONTROL[[#This Row],[VEHIDCODE]],"_")="mtro","MULTIMETRO", _xlfn.TEXTBEFORE(CONTROL[[#This Row],[VEHIDCODE]],"_")="singlemtro","SINGLEMETRO", _xlfn.TEXTBEFORE(CONTROL[[#This Row],[VEHIDCODE]],"_")="dmu","DMU", _xlfn.TEXTBEFORE(CONTROL[[#This Row],[VEHIDCODE]],"_")="cargodmu","CARGODMU", _xlfn.TEXTBEFORE(CONTROL[[#This Row],[VEHIDCODE]],"_")="emu","EMU", _xlfn.TEXTBEFORE(CONTROL[[#This Row],[VEHIDCODE]],"_")="cargoemu","CARGOEMU", _xlfn.TEXTBEFORE(CONTROL[[#This Row],[VEHIDCODE]],"_",2)="mglv_Wagon","WAGONS_MGLV", AND(_xlfn.TEXTBEFORE(CONTROL[[#This Row],[VEHIDCODE]],"_",1)="mglv",_xlfn.XLOOKUP(CONTROL[[#This Row],[VEHIDCODE]],PROPERTIES[VEHIDCODE],PROPERTIES[DUAL_HEADED])=0),"MAGLEV", _xlfn.TEXTBEFORE(CONTROL[[#This Row],[VEHIDCODE]],"_")="mmu","MMU")} -> ID_RANGE_WAGONS_MGLV | E574: =_xlfn.LET(_xlpm.val, IF(ISBLANK(CONTROL[[#This Row],[VEHIDCODE]]),"",_xlfn.MAXIFS(INDIRECT("E2:E"&ROW()-1,TRUE),INDIRECT("D2:D"&ROW()-1,TRUE),CONTROL[[#This Row],[VEHID_ID_CATEGORY]])+1),IF(_xlpm.val=1,_xlfn.XLOOKUP(CONTROL[[#This Row],[VEHID_ID_CATEGORY]],VEHICLE_ID_RANGES[ID Type],VEHICLE_ID_RANGES[Range Start]),_xlpm.val)) -> 10502 | F574: 7th Gen Car Transporter | G574: NA | H574: =AND(CONTROL[[#This Row],[IS_WAGON_OR_COACH]]=TRUE,OR(RIGHT(CONTROL[[#This Row],[VEHIDCODE]],7)="Powered",RIGHT(CONTROL[[#This Row],[VEHIDCODE]],9)="Unpowered")) -> FALSE | I574: =OR(ISNUMBER(SEARCH("_wagon_powered",CONTROL[[#This Row],[VEHIDCODE]])),ISNUMBER(SEARCH("_wagon_unpowered",CONTROL[[#This Row],[VEHIDCODE]])),ISNUMBER(SEARCH("mu_wagon_",CONTROL[[#This Row],[VEHIDCODE]])),ISNUMBER(SEARCH("mglv_wagon_",CONTROL[[#This Row],[VEHIDCODE]])),ISNUMBER(SEARCH("mu_coach_",CONTROL[[#This Row],[VEHIDCODE]])),ISNUMBER(SEARCH("mglv_coach_",CONTROL[[#This Row],[VEHIDCODE]]))) -> TRUE | J574: =ISNUMBER(_xlfn.XMATCH(CONTROL[[#This Row],[VEHIDCODE]],TRACK_TYPES[VEHIDCODE],0)) -> TRUE | K574: =ISNUMBER(_xlfn.XMATCH(CONTROL[[#This Row],[VEHIDCODE]],PROPERTIES[VEHIDCODE],0)) -> TRUE | L574: =ISNUMBER(_xlfn.XLOOKUP(CONTROL[[#This Row],[VEHIDCODE]],roster!A:A,roster!D:D)) -> TRUE | M574: =ISNUMBER(_xlfn.XMATCH(CONTROL[[#This Row],[VEHIDCODE]],GRAPHICS_PROPERTIES[VEHIDCODE],0)) -> TRUE | N574: ="item_"&CONTROL[[#This Row],[VEHIDCODE]] -> item_mglv_Wagon_Gen7M_Car_Transporter | O574: ="str_"&CONTROL[[#This Row],[VEHIDCODE]] -> str_mglv_Wagon_Gen7M_Car_Transporter | P574: =_xlfn.XLOOKUP(CONTROL[[#This Row],[VEHIDCODE]],PROPERTIES[VEHIDCODE],PROPERTIES[IS_CONCEPT])="IS_CONCEPT" -> TRUE | Q574: =_xlfn.XLOOKUP(CONTROL[[#This Row],[VEHIDCODE]],PROPERTIES[VEHIDCODE],PROPERTIES[EXCLUDE]) -> FALSE | R574: {=_xlfn.XLOOKUP(CONTROL[[#This Row],[VEHIDCODE]],GRAPHICS_PROPERTIES[VEHIDCODE],GRAPHICS_PROPERTIES[TEMPLATE_ID]&GRAPHICS_PROPERTIES[TEMPLATE_AMENDMENT_CODE])} -> TPL_04B
A575: mglv_Wagon_Gen7M_Centerbeam | B575: =_xlfn.TEXTAFTER(CONTROL[[#This Row],[VEHIDCODE]],"_") -> Wagon_Gen7M_Centerbeam | C575: {="src\"&(_xlfn.LET(_xlpm.l,SUBSTITUTE(CONTROL[[#This Row],[VEHID_ID_CATEGORY]],"ID_RANGE_",""),_xlfn.IFS( _xlpm.l="RBS","Railbus\Railbus_Steam", _xlpm.l="RBD","Railbus\Railbus_Diesel", _xlpm.l="RBE","Railbus\Railbus_Electric", _xlpm.l="RBM","Railbus\Railbus_Maglev", _xlpm.l="STEAM","Steam", _xlpm.l="DIESEL","Diesel", OR(_xlpm.l="ELECTRIC", _xlpm.l="MULTIMETRO"),"Electric", _xlpm.l="MAGLEV","Maglev", _xlpm.l="MULTIMAGLEV","MMU", _xlpm.l="CARGODMU","CargoDMU", _xlpm.l="DMU","DMU", _xlpm.l="CARGOEMU","CargoEMU", _xlpm.l="EMU","EMU", _xlpm.l="MMU","MMU", _xlpm.l="SINGLEMETRO","Single_Metro", OR(ISNUMBER(SEARCH("_powered",CONTROL[[#This Row],[VEHIDCODE]])),ISNUMBER(SEARCH("_unpowered",CONTROL[[#This Row],[VEHIDCODE]]))),"Special", _xlpm.l="WAGONS","wagons\"&SUBSTITUTE(_xlfn.TEXTBEFORE(SUBSTITUTE(_xlfn.TEXTAFTER(CONTROL[[#This Row],[VEHIDCODE]],"_",2),"Service_Car","Service#Car"),"_"),"#","_"), _xlpm.l="WAGONS_MGLV","Wagons_Maglev\"&_xlfn.TEXTBEFORE(_xlfn.TEXTAFTER(CONTROL[[#This Row],[VEHIDCODE]],"_",2),"_"), _xlpm.l="COACHES","Coaches\"&_xlfn.TEXTBEFORE(_xlfn.TEXTAFTER(CONTROL[[#This Row],[VEHIDCODE]],"_",2),"_"), _xlpm.l="COACHES_MGLV","Coaches_Maglev\"&_xlfn.TEXTBEFORE(_xlfn.TEXTAFTER(CONTROL[[#This Row],[VEHIDCODE]],"_",2),"_") )))} -> src\Wagons_Maglev\Gen7M | D575: {="ID_RANGE_"&_xlfn.IFS( ISNUMBER(SEARCH("mglv_maglev_wagon",CONTROL[[#This Row],[VEHIDCODE]])),"UNIT_WAGONS_MGLV", ISNUMBER(SEARCH("mu_mu_cargo_wagon",CONTROL[[#This Row],[VEHIDCODE]])),"UNIT_WAGONS_RAIL_CARGO", ISNUMBER(SEARCH("mtro_metro_wagon_",CONTROL[[#This Row],[VEHIDCODE]])),"UNIT_WAGONS_MTRO", ISNUMBER(SEARCH("mu_mu_wagon",CONTROL[[#This Row],[VEHIDCODE]])),"UNIT_WAGONS_RAIL", ISNUMBER(SEARCH("mu_wagon",CONTROL[[#This Row],[VEHIDCODE]])),"WAGONS", ISNUMBER(SEARCH("mu_coach",CONTROL[[#This Row],[VEHIDCODE]])),"COACHES", ISNUMBER(SEARCH("mglv_coach",CONTROL[[#This Row],[VEHIDCODE]])),"COACHES_MGLV", _xlfn.TEXTBEFORE(CONTROL[[#This Row],[VEHIDCODE]],"_")="rbs","RBS", _xlfn.TEXTBEFORE(CONTROL[[#This Row],[VEHIDCODE]],"_")="rbd","RBD", _xlfn.TEXTBEFORE(CONTROL[[#This Row],[VEHIDCODE]],"_")="rbe","RBE", _xlfn.TEXTBEFORE(CONTROL[[#This Row],[VEHIDCODE]],"_")="rbm","RBM", _xlfn.TEXTBEFORE(CONTROL[[#This Row],[VEHIDCODE]],"_")="steam","STEAM", _xlfn.TEXTBEFORE(CONTROL[[#This Row],[VEHIDCODE]],"_")="diesel","DIESEL", _xlfn.TEXTBEFORE(CONTROL[[#This Row],[VEHIDCODE]],"_")="electric","ELECTRIC", _xlfn.TEXTBEFORE(CONTROL[[#This Row],[VEHIDCODE]],"_")="mtro","MULTIMETRO", _xlfn.TEXTBEFORE(CONTROL[[#This Row],[VEHIDCODE]],"_")="singlemtro","SINGLEMETRO", _xlfn.TEXTBEFORE(CONTROL[[#This Row],[VEHIDCODE]],"_")="dmu","DMU", _xlfn.TEXTBEFORE(CONTROL[[#This Row],[VEHIDCODE]],"_")="cargodmu","CARGODMU", _xlfn.TEXTBEFORE(CONTROL[[#This Row],[VEHIDCODE]],"_")="emu","EMU", _xlfn.TEXTBEFORE(CONTROL[[#This Row],[VEHIDCODE]],"_")="cargoemu","CARGOEMU", _xlfn.TEXTBEFORE(CONTROL[[#This Row],[VEHIDCODE]],"_",2)="mglv_Wagon","WAGONS_MGLV", AND(_xlfn.TEXTBEFORE(CONTROL[[#This Row],[VEHIDCODE]],"_",1)="mglv",_xlfn.XLOOKUP(CONTROL[[#This Row],[VEHIDCODE]],PROPERTIES[VEHIDCODE],PROPERTIES[DUAL_HEADED])=0),"MAGLEV", _xlfn.TEXTBEFORE(CONTROL[[#This Row],[VEHIDCODE]],"_")="mmu","MMU")} -> ID_RANGE_WAGONS_MGLV | E575: =_xlfn.LET(_xlpm.val, IF(ISBLANK(CONTROL[[#This Row],[VEHIDCODE]]),"",_xlfn.MAXIFS(INDIRECT("E2:E"&ROW()-1,TRUE),INDIRECT("D2:D"&ROW()-1,TRUE),CONTROL[[#This Row],[VEHID_ID_CATEGORY]])+1),IF(_xlpm.val=1,_xlfn.XLOOKUP(CONTROL[[#This Row],[VEHID_ID_CATEGORY]],VEHICLE_ID_RANGES[ID Type],VEHICLE_ID_RANGES[Range Start]),_xlpm.val)) -> 10503 | F575: 7th Gen Centerbeam Flatcar | G575: NA | H575: =AND(CONTROL[[#This Row],[IS_WAGON_OR_COACH]]=TRUE,OR(RIGHT(CONTROL[[#This Row],[VEHIDCODE]],7)="Powered",RIGHT(CONTROL[[#This Row],[VEHIDCODE]],9)="Unpowered")) -> FALSE | I575: =OR(ISNUMBER(SEARCH("_wagon_powered",CONTROL[[#This Row],[VEHIDCODE]])),ISNUMBER(SEARCH("_wagon_unpowered",CONTROL[[#This Row],[VEHIDCODE]])),ISNUMBER(SEARCH("mu_wagon_",CONTROL[[#This Row],[VEHIDCODE]])),ISNUMBER(SEARCH("mglv_wagon_",CONTROL[[#This Row],[VEHIDCODE]])),ISNUMBER(SEARCH("mu_coach_",CONTROL[[#This Row],[VEHIDCODE]])),ISNUMBER(SEARCH("mglv_coach_",CONTROL[[#This Row],[VEHIDCODE]]))) -> TRUE | J575: =ISNUMBER(_xlfn.XMATCH(CONTROL[[#This Row],[VEHIDCODE]],TRACK_TYPES[VEHIDCODE],0)) -> TRUE | K575: =ISNUMBER(_xlfn.XMATCH(CONTROL[[#This Row],[VEHIDCODE]],PROPERTIES[VEHIDCODE],0)) -> TRUE | L575: =ISNUMBER(_xlfn.XLOOKUP(CONTROL[[#This Row],[VEHIDCODE]],roster!A:A,roster!D:D)) -> TRUE | M575: =ISNUMBER(_xlfn.XMATCH(CONTROL[[#This Row],[VEHIDCODE]],GRAPHICS_PROPERTIES[VEHIDCODE],0)) -> TRUE | N575: ="item_"&CONTROL[[#This Row],[VEHIDCODE]] -> item_mglv_Wagon_Gen7M_Centerbeam | O575: ="str_"&CONTROL[[#This Row],[VEHIDCODE]] -> str_mglv_Wagon_Gen7M_Centerbeam | P575: =_xlfn.XLOOKUP(CONTROL[[#This Row],[VEHIDCODE]],PROPERTIES[VEHIDCODE],PROPERTIES[IS_CONCEPT])="IS_CONCEPT" -> TRUE | Q575: =_xlfn.XLOOKUP(CONTROL[[#This Row],[VEHIDCODE]],PROPERTIES[VEHIDCODE],PROPERTIES[EXCLUDE]) -> FALSE | R575: {=_xlfn.XLOOKUP(CONTROL[[#This Row],[VEHIDCODE]],GRAPHICS_PROPERTIES[VEHIDCODE],GRAPHICS_PROPERTIES[TEMPLATE_ID]&GRAPHICS_PROPERTIES[TEMPLATE_AMENDMENT_CODE])} -> TPL_04B
A576: mglv_Wagon_Gen7M_Container_Carrier | B576: =_xlfn.TEXTAFTER(CONTROL[[#This Row],[VEHIDCODE]],"_") -> Wagon_Gen7M_Container_Carrier | C576: {="src\"&(_xlfn.LET(_xlpm.l,SUBSTITUTE(CONTROL[[#This Row],[VEHID_ID_CATEGORY]],"ID_RANGE_",""),_xlfn.IFS( _xlpm.l="RBS","Railbus\Railbus_Steam", _xlpm.l="RBD","Railbus\Railbus_Diesel", _xlpm.l="RBE","Railbus\Railbus_Electric", _xlpm.l="RBM","Railbus\Railbus_Maglev", _xlpm.l="STEAM","Steam", _xlpm.l="DIESEL","Diesel", OR(_xlpm.l="ELECTRIC", _xlpm.l="MULTIMETRO"),"Electric", _xlpm.l="MAGLEV","Maglev", _xlpm.l="MULTIMAGLEV","MMU", _xlpm.l="CARGODMU","CargoDMU", _xlpm.l="DMU","DMU", _xlpm.l="CARGOEMU","CargoEMU", _xlpm.l="EMU","EMU", _xlpm.l="MMU","MMU", _xlpm.l="SINGLEMETRO","Single_Metro", OR(ISNUMBER(SEARCH("_powered",CONTROL[[#This Row],[VEHIDCODE]])),ISNUMBER(SEARCH("_unpowered",CONTROL[[#This Row],[VEHIDCODE]]))),"Special", _xlpm.l="WAGONS","wagons\"&SUBSTITUTE(_xlfn.TEXTBEFORE(SUBSTITUTE(_xlfn.TEXTAFTER(CONTROL[[#This Row],[VEHIDCODE]],"_",2),"Service_Car","Service#Car"),"_"),"#","_"), _xlpm.l="WAGONS_MGLV","Wagons_Maglev\"&_xlfn.TEXTBEFORE(_xlfn.TEXTAFTER(CONTROL[[#This Row],[VEHIDCODE]],"_",2),"_"), _xlpm.l="COACHES","Coaches\"&_xlfn.TEXTBEFORE(_xlfn.TEXTAFTER(CONTROL[[#This Row],[VEHIDCODE]],"_",2),"_"), _xlpm.l="COACHES_MGLV","Coaches_Maglev\"&_xlfn.TEXTBEFORE(_xlfn.TEXTAFTER(CONTROL[[#This Row],[VEHIDCODE]],"_",2),"_") )))} -> src\Wagons_Maglev\Gen7M | D576: {="ID_RANGE_"&_xlfn.IFS( ISNUMBER(SEARCH("mglv_maglev_wagon",CONTROL[[#This Row],[VEHIDCODE]])),"UNIT_WAGONS_MGLV", ISNUMBER(SEARCH("mu_mu_cargo_wagon",CONTROL[[#This Row],[VEHIDCODE]])),"UNIT_WAGONS_RAIL_CARGO", ISNUMBER(SEARCH("mtro_metro_wagon_",CONTROL[[#This Row],[VEHIDCODE]])),"UNIT_WAGONS_MTRO", ISNUMBER(SEARCH("mu_mu_wagon",CONTROL[[#This Row],[VEHIDCODE]])),"UNIT_WAGONS_RAIL", ISNUMBER(SEARCH("mu_wagon",CONTROL[[#This Row],[VEHIDCODE]])),"WAGONS", ISNUMBER(SEARCH("mu_coach",CONTROL[[#This Row],[VEHIDCODE]])),"COACHES", ISNUMBER(SEARCH("mglv_coach",CONTROL[[#This Row],[VEHIDCODE]])),"COACHES_MGLV", _xlfn.TEXTBEFORE(CONTROL[[#This Row],[VEHIDCODE]],"_")="rbs","RBS", _xlfn.TEXTBEFORE(CONTROL[[#This Row],[VEHIDCODE]],"_")="rbd","RBD", _xlfn.TEXTBEFORE(CONTROL[[#This Row],[VEHIDCODE]],"_")="rbe","RBE", _xlfn.TEXTBEFORE(CONTROL[[#This Row],[VEHIDCODE]],"_")="rbm","RBM", _xlfn.TEXTBEFORE(CONTROL[[#This Row],[VEHIDCODE]],"_")="steam","STEAM", _xlfn.TEXTBEFORE(CONTROL[[#This Row],[VEHIDCODE]],"_")="diesel","DIESEL", _xlfn.TEXTBEFORE(CONTROL[[#This Row],[VEHIDCODE]],"_")="electric","ELECTRIC", _xlfn.TEXTBEFORE(CONTROL[[#This Row],[VEHIDCODE]],"_")="mtro","MULTIMETRO", _xlfn.TEXTBEFORE(CONTROL[[#This Row],[VEHIDCODE]],"_")="singlemtro","SINGLEMETRO", _xlfn.TEXTBEFORE(CONTROL[[#This Row],[VEHIDCODE]],"_")="dmu","DMU", _xlfn.TEXTBEFORE(CONTROL[[#This Row],[VEHIDCODE]],"_")="cargodmu","CARGODMU", _xlfn.TEXTBEFORE(CONTROL[[#This Row],[VEHIDCODE]],"_")="emu","EMU", _xlfn.TEXTBEFORE(CONTROL[[#This Row],[VEHIDCODE]],"_")="cargoemu","CARGOEMU", _xlfn.TEXTBEFORE(CONTROL[[#This Row],[VEHIDCODE]],"_",2)="mglv_Wagon","WAGONS_MGLV", AND(_xlfn.TEXTBEFORE(CONTROL[[#This Row],[VEHIDCODE]],"_",1)="mglv",_xlfn.XLOOKUP(CONTROL[[#This Row],[VEHIDCODE]],PROPERTIES[VEHIDCODE],PROPERTIES[DUAL_HEADED])=0),"MAGLEV", _xlfn.TEXTBEFORE(CONTROL[[#This Row],[VEHIDCODE]],"_")="mmu","MMU")} -> ID_RANGE_WAGONS_MGLV | E576: =_xlfn.LET(_xlpm.val, IF(ISBLANK(CONTROL[[#This Row],[VEHIDCODE]]),"",_xlfn.MAXIFS(INDIRECT("E2:E"&ROW()-1,TRUE),INDIRECT("D2:D"&ROW()-1,TRUE),CONTROL[[#This Row],[VEHID_ID_CATEGORY]])+1),IF(_xlpm.val=1,_xlfn.XLOOKUP(CONTROL[[#This Row],[VEHID_ID_CATEGORY]],VEHICLE_ID_RANGES[ID Type],VEHICLE_ID_RANGES[Range Start]),_xlpm.val)) -> 10504 | F576: 7th Gen Container Carrier | G576: NA | H576: =AND(CONTROL[[#This Row],[IS_WAGON_OR_COACH]]=TRUE,OR(RIGHT(CONTROL[[#This Row],[VEHIDCODE]],7)="Powered",RIGHT(CONTROL[[#This Row],[VEHIDCODE]],9)="Unpowered")) -> FALSE | I576: =OR(ISNUMBER(SEARCH("_wagon_powered",CONTROL[[#This Row],[VEHIDCODE]])),ISNUMBER(SEARCH("_wagon_unpowered",CONTROL[[#This Row],[VEHIDCODE]])),ISNUMBER(SEARCH("mu_wagon_",CONTROL[[#This Row],[VEHIDCODE]])),ISNUMBER(SEARCH("mglv_wagon_",CONTROL[[#This Row],[VEHIDCODE]])),ISNUMBER(SEARCH("mu_coach_",CONTROL[[#This Row],[VEHIDCODE]])),ISNUMBER(SEARCH("mglv_coach_",CONTROL[[#This Row],[VEHIDCODE]]))) -> TRUE | J576: =ISNUMBER(_xlfn.XMATCH(CONTROL[[#This Row],[VEHIDCODE]],TRACK_TYPES[VEHIDCODE],0)) -> TRUE | K576: =ISNUMBER(_xlfn.XMATCH(CONTROL[[#This Row],[VEHIDCODE]],PROPERTIES[VEHIDCODE],0)) -> TRUE | L576: =ISNUMBER(_xlfn.XLOOKUP(CONTROL[[#This Row],[VEHIDCODE]],roster!A:A,roster!D:D)) -> TRUE | M576: =ISNUMBER(_xlfn.XMATCH(CONTROL[[#This Row],[VEHIDCODE]],GRAPHICS_PROPERTIES[VEHIDCODE],0)) -> TRUE | N576: ="item_"&CONTROL[[#This Row],[VEHIDCODE]] -> item_mglv_Wagon_Gen7M_Container_Carrier | O576: ="str_"&CONTROL[[#This Row],[VEHIDCODE]] -> str_mglv_Wagon_Gen7M_Container_Carrier | P576: =_xlfn.XLOOKUP(CONTROL[[#This Row],[VEHIDCODE]],PROPERTIES[VEHIDCODE],PROPERTIES[IS_CONCEPT])="IS_CONCEPT" -> TRUE | Q576: =_xlfn.XLOOKUP(CONTROL[[#This Row],[VEHIDCODE]],PROPERTIES[VEHIDCODE],PROPERTIES[EXCLUDE]) -> FALSE | R576: {=_xlfn.XLOOKUP(CONTROL[[#This Row],[VEHIDCODE]],GRAPHICS_PROPERTIES[VEHIDCODE],GRAPHICS_PROPERTIES[TEMPLATE_ID]&GRAPHICS_PROPERTIES[TEMPLATE_AMENDMENT_CODE])} -> TPL_04B
A577: mglv_Wagon_Gen7M_Container_Doublestack | B577: =_xlfn.TEXTAFTER(CONTROL[[#This Row],[VEHIDCODE]],"_") -> Wagon_Gen7M_Container_Doublestack | C577: {="src\"&(_xlfn.LET(_xlpm.l,SUBSTITUTE(CONTROL[[#This Row],[VEHID_ID_CATEGORY]],"ID_RANGE_",""),_xlfn.IFS( _xlpm.l="RBS","Railbus\Railbus_Steam", _xlpm.l="RBD","Railbus\Railbus_Diesel", _xlpm.l="RBE","Railbus\Railbus_Electric", _xlpm.l="RBM","Railbus\Railbus_Maglev", _xlpm.l="STEAM","Steam", _xlpm.l="DIESEL","Diesel", OR(_xlpm.l="ELECTRIC", _xlpm.l="MULTIMETRO"),"Electric", _xlpm.l="MAGLEV","Maglev", _xlpm.l="MULTIMAGLEV","MMU", _xlpm.l="CARGODMU","CargoDMU", _xlpm.l="DMU","DMU", _xlpm.l="CARGOEMU","CargoEMU", _xlpm.l="EMU","EMU", _xlpm.l="MMU","MMU", _xlpm.l="SINGLEMETRO","Single_Metro", OR(ISNUMBER(SEARCH("_powered",CONTROL[[#This Row],[VEHIDCODE]])),ISNUMBER(SEARCH("_unpowered",CONTROL[[#This Row],[VEHIDCODE]]))),"Special", _xlpm.l="WAGONS","wagons\"&SUBSTITUTE(_xlfn.TEXTBEFORE(SUBSTITUTE(_xlfn.TEXTAFTER(CONTROL[[#This Row],[VEHIDCODE]],"_",2),"Service_Car","Service#Car"),"_"),"#","_"), _xlpm.l="WAGONS_MGLV","Wagons_Maglev\"&_xlfn.TEXTBEFORE(_xlfn.TEXTAFTER(CONTROL[[#This Row],[VEHIDCODE]],"_",2),"_"), _xlpm.l="COACHES","Coaches\"&_xlfn.TEXTBEFORE(_xlfn.TEXTAFTER(CONTROL[[#This Row],[VEHIDCODE]],"_",2),"_"), _xlpm.l="COACHES_MGLV","Coaches_Maglev\"&_xlfn.TEXTBEFORE(_xlfn.TEXTAFTER(CONTROL[[#This Row],[VEHIDCODE]],"_",2),"_") )))} -> src\Wagons_Maglev\Gen7M | D577: {="ID_RANGE_"&_xlfn.IFS( ISNUMBER(SEARCH("mglv_maglev_wagon",CONTROL[[#This Row],[VEHIDCODE]])),"UNIT_WAGONS_MGLV", ISNUMBER(SEARCH("mu_mu_cargo_wagon",CONTROL[[#This Row],[VEHIDCODE]])),"UNIT_WAGONS_RAIL_CARGO", ISNUMBER(SEARCH("mtro_metro_wagon_",CONTROL[[#This Row],[VEHIDCODE]])),"UNIT_WAGONS_MTRO", ISNUMBER(SEARCH("mu_mu_wagon",CONTROL[[#This Row],[VEHIDCODE]])),"UNIT_WAGONS_RAIL", ISNUMBER(SEARCH("mu_wagon",CONTROL[[#This Row],[VEHIDCODE]])),"WAGONS", ISNUMBER(SEARCH("mu_coach",CONTROL[[#This Row],[VEHIDCODE]])),"COACHES", ISNUMBER(SEARCH("mglv_coach",CONTROL[[#This Row],[VEHIDCODE]])),"COACHES_MGLV", _xlfn.TEXTBEFORE(CONTROL[[#This Row],[VEHIDCODE]],"_")="rbs","RBS", _xlfn.TEXTBEFORE(CONTROL[[#This Row],[VEHIDCODE]],"_")="rbd","RBD", _xlfn.TEXTBEFORE(CONTROL[[#This Row],[VEHIDCODE]],"_")="rbe","RBE", _xlfn.TEXTBEFORE(CONTROL[[#This Row],[VEHIDCODE]],"_")="rbm","RBM", _xlfn.TEXTBEFORE(CONTROL[[#This Row],[VEHIDCODE]],"_")="steam","STEAM", _xlfn.TEXTBEFORE(CONTROL[[#This Row],[VEHIDCODE]],"_")="diesel","DIESEL", _xlfn.TEXTBEFORE(CONTROL[[#This Row],[VEHIDCODE]],"_")="electric","ELECTRIC", _xlfn.TEXTBEFORE(CONTROL[[#This Row],[VEHIDCODE]],"_")="mtro","MULTIMETRO", _xlfn.TEXTBEFORE(CONTROL[[#This Row],[VEHIDCODE]],"_")="singlemtro","SINGLEMETRO", _xlfn.TEXTBEFORE(CONTROL[[#This Row],[VEHIDCODE]],"_")="dmu","DMU", _xlfn.TEXTBEFORE(CONTROL[[#This Row],[VEHIDCODE]],"_")="cargodmu","CARGODMU", _xlfn.TEXTBEFORE(CONTROL[[#This Row],[VEHIDCODE]],"_")="emu","EMU", _xlfn.TEXTBEFORE(CONTROL[[#This Row],[VEHIDCODE]],"_")="cargoemu","CARGOEMU", _xlfn.TEXTBEFORE(CONTROL[[#This Row],[VEHIDCODE]],"_",2)="mglv_Wagon","WAGONS_MGLV", AND(_xlfn.TEXTBEFORE(CONTROL[[#This Row],[VEHIDCODE]],"_",1)="mglv",_xlfn.XLOOKUP(CONTROL[[#This Row],[VEHIDCODE]],PROPERTIES[VEHIDCODE],PROPERTIES[DUAL_HEADED])=0),"MAGLEV", _xlfn.TEXTBEFORE(CONTROL[[#This Row],[VEHIDCODE]],"_")="mmu","MMU")} -> ID_RANGE_WAGONS_MGLV | E577: =_xlfn.LET(_xlpm.val, IF(ISBLANK(CONTROL[[#This Row],[VEHIDCODE]]),"",_xlfn.MAXIFS(INDIRECT("E2:E"&ROW()-1,TRUE),INDIRECT("D2:D"&ROW()-1,TRUE),CONTROL[[#This Row],[VEHID_ID_CATEGORY]])+1),IF(_xlpm.val=1,_xlfn.XLOOKUP(CONTROL[[#This Row],[VEHID_ID_CATEGORY]],VEHICLE_ID_RANGES[ID Type],VEHICLE_ID_RANGES[Range Start]),_xlpm.val)) -> 10505 | F577: 7th Gen Container Doublestack | G577: NA | H577: =AND(CONTROL[[#This Row],[IS_WAGON_OR_COACH]]=TRUE,OR(RIGHT(CONTROL[[#This Row],[VEHIDCODE]],7)="Powered",RIGHT(CONTROL[[#This Row],[VEHIDCODE]],9)="Unpowered")) -> FALSE | I577: =OR(ISNUMBER(SEARCH("_wagon_powered",CONTROL[[#This Row],[VEHIDCODE]])),ISNUMBER(SEARCH("_wagon_unpowered",CONTROL[[#This Row],[VEHIDCODE]])),ISNUMBER(SEARCH("mu_wagon_",CONTROL[[#This Row],[VEHIDCODE]])),ISNUMBER(SEARCH("mglv_wagon_",CONTROL[[#This Row],[VEHIDCODE]])),ISNUMBER(SEARCH("mu_coach_",CONTROL[[#This Row],[VEHIDCODE]])),ISNUMBER(SEARCH("mglv_coach_",CONTROL[[#This Row],[VEHIDCODE]]))) -> TRUE | J577: =ISNUMBER(_xlfn.XMATCH(CONTROL[[#This Row],[VEHIDCODE]],TRACK_TYPES[VEHIDCODE],0)) -> TRUE | K577: =ISNUMBER(_xlfn.XMATCH(CONTROL[[#This Row],[VEHIDCODE]],PROPERTIES[VEHIDCODE],0)) -> TRUE | L577: =ISNUMBER(_xlfn.XLOOKUP(CONTROL[[#This Row],[VEHIDCODE]],roster!A:A,roster!D:D)) -> TRUE | M577: =ISNUMBER(_xlfn.XMATCH(CONTROL[[#This Row],[VEHIDCODE]],GRAPHICS_PROPERTIES[VEHIDCODE],0)) -> TRUE | N577: ="item_"&CONTROL[[#This Row],[VEHIDCODE]] -> item_mglv_Wagon_Gen7M_Container_Doublestack | O577: ="str_"&CONTROL[[#This Row],[VEHIDCODE]] -> str_mglv_Wagon_Gen7M_Container_Doublestack | P577: =_xlfn.XLOOKUP(CONTROL[[#This Row],[VEHIDCODE]],PROPERTIES[VEHIDCODE],PROPERTIES[IS_CONCEPT])="IS_CONCEPT" -> TRUE | Q577: =_xlfn.XLOOKUP(CONTROL[[#This Row],[VEHIDCODE]],PROPERTIES[VEHIDCODE],PROPERTIES[EXCLUDE]) -> FALSE | R577: {=_xlfn.XLOOKUP(CONTROL[[#This Row],[VEHIDCODE]],GRAPHICS_PROPERTIES[VEHIDCODE],GRAPHICS_PROPERTIES[TEMPLATE_ID]&GRAPHICS_PROPERTIES[TEMPLATE_AMENDMENT_CODE])} -> TPL_04B
A578: mglv_Wagon_Gen7M_Flatcar | B578: =_xlfn.TEXTAFTER(CONTROL[[#This Row],[VEHIDCODE]],"_") -> Wagon_Gen7M_Flatcar | C578: {="src\"&(_xlfn.LET(_xlpm.l,SUBSTITUTE(CONTROL[[#This Row],[VEHID_ID_CATEGORY]],"ID_RANGE_",""),_xlfn.IFS( _xlpm.l="RBS","Railbus\Railbus_Steam", _xlpm.l="RBD","Railbus\Railbus_Diesel", _xlpm.l="RBE","Railbus\Railbus_Electric", _xlpm.l="RBM","Railbus\Railbus_Maglev", _xlpm.l="STEAM","Steam", _xlpm.l="DIESEL","Diesel", OR(_xlpm.l="ELECTRIC", _xlpm.l="MULTIMETRO"),"Electric", _xlpm.l="MAGLEV","Maglev", _xlpm.l="MULTIMAGLEV","MMU", _xlpm.l="CARGODMU","CargoDMU", _xlpm.l="DMU","DMU", _xlpm.l="CARGOEMU","CargoEMU", _xlpm.l="EMU","EMU", _xlpm.l="MMU","MMU", _xlpm.l="SINGLEMETRO","Single_Metro", OR(ISNUMBER(SEARCH("_powered",CONTROL[[#This Row],[VEHIDCODE]])),ISNUMBER(SEARCH("_unpowered",CONTROL[[#This Row],[VEHIDCODE]]))),"Special", _xlpm.l="WAGONS","wagons\"&SUBSTITUTE(_xlfn.TEXTBEFORE(SUBSTITUTE(_xlfn.TEXTAFTER(CONTROL[[#This Row],[VEHIDCODE]],"_",2),"Service_Car","Service#Car"),"_"),"#","_"), _xlpm.l="WAGONS_MGLV","Wagons_Maglev\"&_xlfn.TEXTBEFORE(_xlfn.TEXTAFTER(CONTROL[[#This Row],[VEHIDCODE]],"_",2),"_"), _xlpm.l="COACHES","Coaches\"&_xlfn.TEXTBEFORE(_xlfn.TEXTAFTER(CONTROL[[#This Row],[VEHIDCODE]],"_",2),"_"), _xlpm.l="COACHES_MGLV","Coaches_Maglev\"&_xlfn.TEXTBEFORE(_xlfn.TEXTAFTER(CONTROL[[#This Row],[VEHIDCODE]],"_",2),"_") )))} -> src\Wagons_Maglev\Gen7M | D578: {="ID_RANGE_"&_xlfn.IFS( ISNUMBER(SEARCH("mglv_maglev_wagon",CONTROL[[#This Row],[VEHIDCODE]])),"UNIT_WAGONS_MGLV", ISNUMBER(SEARCH("mu_mu_cargo_wagon",CONTROL[[#This Row],[VEHIDCODE]])),"UNIT_WAGONS_RAIL_CARGO", ISNUMBER(SEARCH("mtro_metro_wagon_",CONTROL[[#This Row],[VEHIDCODE]])),"UNIT_WAGONS_MTRO", ISNUMBER(SEARCH("mu_mu_wagon",CONTROL[[#This Row],[VEHIDCODE]])),"UNIT_WAGONS_RAIL", ISNUMBER(SEARCH("mu_wagon",CONTROL[[#This Row],[VEHIDCODE]])),"WAGONS", ISNUMBER(SEARCH("mu_coach",CONTROL[[#This Row],[VEHIDCODE]])),"COACHES", ISNUMBER(SEARCH("mglv_coach",CONTROL[[#This Row],[VEHIDCODE]])),"COACHES_MGLV", _xlfn.TEXTBEFORE(CONTROL[[#This Row],[VEHIDCODE]],"_")="rbs","RBS", _xlfn.TEXTBEFORE(CONTROL[[#This Row],[VEHIDCODE]],"_")="rbd","RBD", _xlfn.TEXTBEFORE(CONTROL[[#This Row],[VEHIDCODE]],"_")="rbe","RBE", _xlfn.TEXTBEFORE(CONTROL[[#This Row],[VEHIDCODE]],"_")="rbm","RBM", _xlfn.TEXTBEFORE(CONTROL[[#This Row],[VEHIDCODE]],"_")="steam","STEAM", _xlfn.TEXTBEFORE(CONTROL[[#This Row],[VEHIDCODE]],"_")="diesel","DIESEL", _xlfn.TEXTBEFORE(CONTROL[[#This Row],[VEHIDCODE]],"_")="electric","ELECTRIC", _xlfn.TEXTBEFORE(CONTROL[[#This Row],[VEHIDCODE]],"_")="mtro","MULTIMETRO", _xlfn.TEXTBEFORE(CONTROL[[#This Row],[VEHIDCODE]],"_")="singlemtro","SINGLEMETRO", _xlfn.TEXTBEFORE(CONTROL[[#This Row],[VEHIDCODE]],"_")="dmu","DMU", _xlfn.TEXTBEFORE(CONTROL[[#This Row],[VEHIDCODE]],"_")="cargodmu","CARGODMU", _xlfn.TEXTBEFORE(CONTROL[[#This Row],[VEHIDCODE]],"_")="emu","EMU", _xlfn.TEXTBEFORE(CONTROL[[#This Row],[VEHIDCODE]],"_")="cargoemu","CARGOEMU", _xlfn.TEXTBEFORE(CONTROL[[#This Row],[VEHIDCODE]],"_",2)="mglv_Wagon","WAGONS_MGLV", AND(_xlfn.TEXTBEFORE(CONTROL[[#This Row],[VEHIDCODE]],"_",1)="mglv",_xlfn.XLOOKUP(CONTROL[[#This Row],[VEHIDCODE]],PROPERTIES[VEHIDCODE],PROPERTIES[DUAL_HEADED])=0),"MAGLEV", _xlfn.TEXTBEFORE(CONTROL[[#This Row],[VEHIDCODE]],"_")="mmu","MMU")} -> ID_RANGE_WAGONS_MGLV | E578: =_xlfn.LET(_xlpm.val, IF(ISBLANK(CONTROL[[#This Row],[VEHIDCODE]]),"",_xlfn.MAXIFS(INDIRECT("E2:E"&ROW()-1,TRUE),INDIRECT("D2:D"&ROW()-1,TRUE),CONTROL[[#This Row],[VEHID_ID_CATEGORY]])+1),IF(_xlpm.val=1,_xlfn.XLOOKUP(CONTROL[[#This Row],[VEHID_ID_CATEGORY]],VEHICLE_ID_RANGES[ID Type],VEHICLE_ID_RANGES[Range Start]),_xlpm.val)) -> 10506 | F578: 7th Gen Flatcar | G578: NA | H578: =AND(CONTROL[[#This Row],[IS_WAGON_OR_COACH]]=TRUE,OR(RIGHT(CONTROL[[#This Row],[VEHIDCODE]],7)="Powered",RIGHT(CONTROL[[#This Row],[VEHIDCODE]],9)="Unpowered")) -> FALSE | I578: =OR(ISNUMBER(SEARCH("_wagon_powered",CONTROL[[#This Row],[VEHIDCODE]])),ISNUMBER(SEARCH("_wagon_unpowered",CONTROL[[#This Row],[VEHIDCODE]])),ISNUMBER(SEARCH("mu_wagon_",CONTROL[[#This Row],[VEHIDCODE]])),ISNUMBER(SEARCH("mglv_wagon_",CONTROL[[#This Row],[VEHIDCODE]])),ISNUMBER(SEARCH("mu_coach_",CONTROL[[#This Row],[VEHIDCODE]])),ISNUMBER(SEARCH("mglv_coach_",CONTROL[[#This Row],[VEHIDCODE]]))) -> TRUE | J578: =ISNUMBER(_xlfn.XMATCH(CONTROL[[#This Row],[VEHIDCODE]],TRACK_TYPES[VEHIDCODE],0)) -> TRUE | K578: =ISNUMBER(_xlfn.XMATCH(CONTROL[[#This Row],[VEHIDCODE]],PROPERTIES[VEHIDCODE],0)) -> TRUE | L578: =ISNUMBER(_xlfn.XLOOKUP(CONTROL[[#This Row],[VEHIDCODE]],roster!A:A,roster!D:D)) -> TRUE | M578: =ISNUMBER(_xlfn.XMATCH(CONTROL[[#This Row],[VEHIDCODE]],GRAPHICS_PROPERTIES[VEHIDCODE],0)) -> TRUE | N578: ="item_"&CONTROL[[#This Row],[VEHIDCODE]] -> item_mglv_Wagon_Gen7M_Flatcar | O578: ="str_"&CONTROL[[#This Row],[VEHIDCODE]] -> str_mglv_Wagon_Gen7M_Flatcar | P578: =_xlfn.XLOOKUP(CONTROL[[#This Row],[VEHIDCODE]],PROPERTIES[VEHIDCODE],PROPERTIES[IS_CONCEPT])="IS_CONCEPT" -> TRUE | Q578: =_xlfn.XLOOKUP(CONTROL[[#This Row],[VEHIDCODE]],PROPERTIES[VEHIDCODE],PROPERTIES[EXCLUDE]) -> FALSE | R578: {=_xlfn.XLOOKUP(CONTROL[[#This Row],[VEHIDCODE]],GRAPHICS_PROPERTIES[VEHIDCODE],GRAPHICS_PROPERTIES[TEMPLATE_ID]&GRAPHICS_PROPERTIES[TEMPLATE_AMENDMENT_CODE])} -> TPL_04B
A579: mglv_Wagon_Gen7M_Gondola | B579: =_xlfn.TEXTAFTER(CONTROL[[#This Row],[VEHIDCODE]],"_") -> Wagon_Gen7M_Gondola | C579: {="src\"&(_xlfn.LET(_xlpm.l,SUBSTITUTE(CONTROL[[#This Row],[VEHID_ID_CATEGORY]],"ID_RANGE_",""),_xlfn.IFS( _xlpm.l="RBS","Railbus\Railbus_Steam", _xlpm.l="RBD","Railbus\Railbus_Diesel", _xlpm.l="RBE","Railbus\Railbus_Electric", _xlpm.l="RBM","Railbus\Railbus_Maglev", _xlpm.l="STEAM","Steam", _xlpm.l="DIESEL","Diesel", OR(_xlpm.l="ELECTRIC", _xlpm.l="MULTIMETRO"),"Electric", _xlpm.l="MAGLEV","Maglev", _xlpm.l="MULTIMAGLEV","MMU", _xlpm.l="CARGODMU","CargoDMU", _xlpm.l="DMU","DMU", _xlpm.l="CARGOEMU","CargoEMU", _xlpm.l="EMU","EMU", _xlpm.l="MMU","MMU", _xlpm.l="SINGLEMETRO","Single_Metro", OR(ISNUMBER(SEARCH("_powered",CONTROL[[#This Row],[VEHIDCODE]])),ISNUMBER(SEARCH("_unpowered",CONTROL[[#This Row],[VEHIDCODE]]))),"Special", _xlpm.l="WAGONS","wagons\"&SUBSTITUTE(_xlfn.TEXTBEFORE(SUBSTITUTE(_xlfn.TEXTAFTER(CONTROL[[#This Row],[VEHIDCODE]],"_",2),"Service_Car","Service#Car"),"_"),"#","_"), _xlpm.l="WAGONS_MGLV","Wagons_Maglev\"&_xlfn.TEXTBEFORE(_xlfn.TEXTAFTER(CONTROL[[#This Row],[VEHIDCODE]],"_",2),"_"), _xlpm.l="COACHES","Coaches\"&_xlfn.TEXTBEFORE(_xlfn.TEXTAFTER(CONTROL[[#This Row],[VEHIDCODE]],"_",2),"_"), _xlpm.l="COACHES_MGLV","Coaches_Maglev\"&_xlfn.TEXTBEFORE(_xlfn.TEXTAFTER(CONTROL[[#This Row],[VEHIDCODE]],"_",2),"_") )))} -> src\Wagons_Maglev\Gen7M | D579: {="ID_RANGE_"&_xlfn.IFS( ISNUMBER(SEARCH("mglv_maglev_wagon",CONTROL[[#This Row],[VEHIDCODE]])),"UNIT_WAGONS_MGLV", ISNUMBER(SEARCH("mu_mu_cargo_wagon",CONTROL[[#This Row],[VEHIDCODE]])),"UNIT_WAGONS_RAIL_CARGO", ISNUMBER(SEARCH("mtro_metro_wagon_",CONTROL[[#This Row],[VEHIDCODE]])),"UNIT_WAGONS_MTRO", ISNUMBER(SEARCH("mu_mu_wagon",CONTROL[[#This Row],[VEHIDCODE]])),"UNIT_WAGONS_RAIL", ISNUMBER(SEARCH("mu_wagon",CONTROL[[#This Row],[VEHIDCODE]])),"WAGONS", ISNUMBER(SEARCH("mu_coach",CONTROL[[#This Row],[VEHIDCODE]])),"COACHES", ISNUMBER(SEARCH("mglv_coach",CONTROL[[#This Row],[VEHIDCODE]])),"COACHES_MGLV", _xlfn.TEXTBEFORE(CONTROL[[#This Row],[VEHIDCODE]],"_")="rbs","RBS", _xlfn.TEXTBEFORE(CONTROL[[#This Row],[VEHIDCODE]],"_")="rbd","RBD", _xlfn.TEXTBEFORE(CONTROL[[#This Row],[VEHIDCODE]],"_")="rbe","RBE", _xlfn.TEXTBEFORE(CONTROL[[#This Row],[VEHIDCODE]],"_")="rbm","RBM", _xlfn.TEXTBEFORE(CONTROL[[#This Row],[VEHIDCODE]],"_")="steam","STEAM", _xlfn.TEXTBEFORE(CONTROL[[#This Row],[VEHIDCODE]],"_")="diesel","DIESEL", _xlfn.TEXTBEFORE(CONTROL[[#This Row],[VEHIDCODE]],"_")="electric","ELECTRIC", _xlfn.TEXTBEFORE(CONTROL[[#This Row],[VEHIDCODE]],"_")="mtro","MULTIMETRO", _xlfn.TEXTBEFORE(CONTROL[[#This Row],[VEHIDCODE]],"_")="singlemtro","SINGLEMETRO", _xlfn.TEXTBEFORE(CONTROL[[#This Row],[VEHIDCODE]],"_")="dmu","DMU", _xlfn.TEXTBEFORE(CONTROL[[#This Row],[VEHIDCODE]],"_")="cargodmu","CARGODMU", _xlfn.TEXTBEFORE(CONTROL[[#This Row],[VEHIDCODE]],"_")="emu","EMU", _xlfn.TEXTBEFORE(CONTROL[[#This Row],[VEHIDCODE]],"_")="cargoemu","CARGOEMU", _xlfn.TEXTBEFORE(CONTROL[[#This Row],[VEHIDCODE]],"_",2)="mglv_Wagon","WAGONS_MGLV", AND(_xlfn.TEXTBEFORE(CONTROL[[#This Row],[VEHIDCODE]],"_",1)="mglv",_xlfn.XLOOKUP(CONTROL[[#This Row],[VEHIDCODE]],PROPERTIES[VEHIDCODE],PROPERTIES[DUAL_HEADED])=0),"MAGLEV", _xlfn.TEXTBEFORE(CONTROL[[#This Row],[VEHIDCODE]],"_")="mmu","MMU")} -> ID_RANGE_WAGONS_MGLV | E579: =_xlfn.LET(_xlpm.val, IF(ISBLANK(CONTROL[[#This Row],[VEHIDCODE]]),"",_xlfn.MAXIFS(INDIRECT("E2:E"&ROW()-1,TRUE),INDIRECT("D2:D"&ROW()-1,TRUE),CONTROL[[#This Row],[VEHID_ID_CATEGORY]])+1),IF(_xlpm.val=1,_xlfn.XLOOKUP(CONTROL[[#This Row],[VEHID_ID_CATEGORY]],VEHICLE_ID_RANGES[ID Type],VEHICLE_ID_RANGES[Range Start]),_xlpm.val)) -> 10507 | F579: 7th Gen Gondola | G579: NA | H579: =AND(CONTROL[[#This Row],[IS_WAGON_OR_COACH]]=TRUE,OR(RIGHT(CONTROL[[#This Row],[VEHIDCODE]],7)="Powered",RIGHT(CONTROL[[#This Row],[VEHIDCODE]],9)="Unpowered")) -> FALSE | I579: =OR(ISNUMBER(SEARCH("_wagon_powered",CONTROL[[#This Row],[VEHIDCODE]])),ISNUMBER(SEARCH("_wagon_unpowered",CONTROL[[#This Row],[VEHIDCODE]])),ISNUMBER(SEARCH("mu_wagon_",CONTROL[[#This Row],[VEHIDCODE]])),ISNUMBER(SEARCH("mglv_wagon_",CONTROL[[#This Row],[VEHIDCODE]])),ISNUMBER(SEARCH("mu_coach_",CONTROL[[#This Row],[VEHIDCODE]])),ISNUMBER(SEARCH("mglv_coach_",CONTROL[[#This Row],[VEHIDCODE]]))) -> TRUE | J579: =ISNUMBER(_xlfn.XMATCH(CONTROL[[#This Row],[VEHIDCODE]],TRACK_TYPES[VEHIDCODE],0)) -> TRUE | K579: =ISNUMBER(_xlfn.XMATCH(CONTROL[[#This Row],[VEHIDCODE]],PROPERTIES[VEHIDCODE],0)) -> TRUE | L579: =ISNUMBER(_xlfn.XLOOKUP(CONTROL[[#This Row],[VEHIDCODE]],roster!A:A,roster!D:D)) -> TRUE | M579: =ISNUMBER(_xlfn.XMATCH(CONTROL[[#This Row],[VEHIDCODE]],GRAPHICS_PROPERTIES[VEHIDCODE],0)) -> TRUE | N579: ="item_"&CONTROL[[#This Row],[VEHIDCODE]] -> item_mglv_Wagon_Gen7M_Gondola | O579: ="str_"&CONTROL[[#This Row],[VEHIDCODE]] -> str_mglv_Wagon_Gen7M_Gondola | P579: =_xlfn.XLOOKUP(CONTROL[[#This Row],[VEHIDCODE]],PROPERTIES[VEHIDCODE],PROPERTIES[IS_CONCEPT])="IS_CONCEPT" -> TRUE | Q579: =_xlfn.XLOOKUP(CONTROL[[#This Row],[VEHIDCODE]],PROPERTIES[VEHIDCODE],PROPERTIES[EXCLUDE]) -> FALSE | R579: {=_xlfn.XLOOKUP(CONTROL[[#This Row],[VEHIDCODE]],GRAPHICS_PROPERTIES[VEHIDCODE],GRAPHICS_PROPERTIES[TEMPLATE_ID]&GRAPHICS_PROPERTIES[TEMPLATE_AMENDMENT_CODE])} -> TPL_04B
A580: mglv_Wagon_Gen7M_Heavy_Flatcar | B580: =_xlfn.TEXTAFTER(CONTROL[[#This Row],[VEHIDCODE]],"_") -> Wagon_Gen7M_Heavy_Flatcar | C580: {="src\"&(_xlfn.LET(_xlpm.l,SUBSTITUTE(CONTROL[[#This Row],[VEHID_ID_CATEGORY]],"ID_RANGE_",""),_xlfn.IFS( _xlpm.l="RBS","Railbus\Railbus_Steam", _xlpm.l="RBD","Railbus\Railbus_Diesel", _xlpm.l="RBE","Railbus\Railbus_Electric", _xlpm.l="RBM","Railbus\Railbus_Maglev", _xlpm.l="STEAM","Steam", _xlpm.l="DIESEL","Diesel", OR(_xlpm.l="ELECTRIC", _xlpm.l="MULTIMETRO"),"Electric", _xlpm.l="MAGLEV","Maglev", _xlpm.l="MULTIMAGLEV","MMU", _xlpm.l="CARGODMU","CargoDMU", _xlpm.l="DMU","DMU", _xlpm.l="CARGOEMU","CargoEMU", _xlpm.l="EMU","EMU", _xlpm.l="MMU","MMU", _xlpm.l="SINGLEMETRO","Single_Metro", OR(ISNUMBER(SEARCH("_powered",CONTROL[[#This Row],[VEHIDCODE]])),ISNUMBER(SEARCH("_unpowered",CONTROL[[#This Row],[VEHIDCODE]]))),"Special", _xlpm.l="WAGONS","wagons\"&SUBSTITUTE(_xlfn.TEXTBEFORE(SUBSTITUTE(_xlfn.TEXTAFTER(CONTROL[[#This Row],[VEHIDCODE]],"_",2),"Service_Car","Service#Car"),"_"),"#","_"), _xlpm.l="WAGONS_MGLV","Wagons_Maglev\"&_xlfn.TEXTBEFORE(_xlfn.TEXTAFTER(CONTROL[[#This Row],[VEHIDCODE]],"_",2),"_"), _xlpm.l="COACHES","Coaches\"&_xlfn.TEXTBEFORE(_xlfn.TEXTAFTER(CONTROL[[#This Row],[VEHIDCODE]],"_",2),"_"), _xlpm.l="COACHES_MGLV","Coaches_Maglev\"&_xlfn.TEXTBEFORE(_xlfn.TEXTAFTER(CONTROL[[#This Row],[VEHIDCODE]],"_",2),"_") )))} -> src\Wagons_Maglev\Gen7M | D580: {="ID_RANGE_"&_xlfn.IFS( ISNUMBER(SEARCH("mglv_maglev_wagon",CONTROL[[#This Row],[VEHIDCODE]])),"UNIT_WAGONS_MGLV", ISNUMBER(SEARCH("mu_mu_cargo_wagon",CONTROL[[#This Row],[VEHIDCODE]])),"UNIT_WAGONS_RAIL_CARGO", ISNUMBER(SEARCH("mtro_metro_wagon_",CONTROL[[#This Row],[VEHIDCODE]])),"UNIT_WAGONS_MTRO", ISNUMBER(SEARCH("mu_mu_wagon",CONTROL[[#This Row],[VEHIDCODE]])),"UNIT_WAGONS_RAIL", ISNUMBER(SEARCH("mu_wagon",CONTROL[[#This Row],[VEHIDCODE]])),"WAGONS", ISNUMBER(SEARCH("mu_coach",CONTROL[[#This Row],[VEHIDCODE]])),"COACHES", ISNUMBER(SEARCH("mglv_coach",CONTROL[[#This Row],[VEHIDCODE]])),"COACHES_MGLV", _xlfn.TEXTBEFORE(CONTROL[[#This Row],[VEHIDCODE]],"_")="rbs","RBS", _xlfn.TEXTBEFORE(CONTROL[[#This Row],[VEHIDCODE]],"_")="rbd","RBD", _xlfn.TEXTBEFORE(CONTROL[[#This Row],[VEHIDCODE]],"_")="rbe","RBE", _xlfn.TEXTBEFORE(CONTROL[[#This Row],[VEHIDCODE]],"_")="rbm","RBM", _xlfn.TEXTBEFORE(CONTROL[[#This Row],[VEHIDCODE]],"_")="steam","STEAM", _xlfn.TEXTBEFORE(CONTROL[[#This Row],[VEHIDCODE]],"_")="diesel","DIESEL", _xlfn.TEXTBEFORE(CONTROL[[#This Row],[VEHIDCODE]],"_")="electric","ELECTRIC", _xlfn.TEXTBEFORE(CONTROL[[#This Row],[VEHIDCODE]],"_")="mtro","MULTIMETRO", _xlfn.TEXTBEFORE(CONTROL[[#This Row],[VEHIDCODE]],"_")="singlemtro","SINGLEMETRO", _xlfn.TEXTBEFORE(CONTROL[[#This Row],[VEHIDCODE]],"_")="dmu","DMU", _xlfn.TEXTBEFORE(CONTROL[[#This Row],[VEHIDCODE]],"_")="cargodmu","CARGODMU", _xlfn.TEXTBEFORE(CONTROL[[#This Row],[VEHIDCODE]],"_")="emu","EMU", _xlfn.TEXTBEFORE(CONTROL[[#This Row],[VEHIDCODE]],"_")="cargoemu","CARGOEMU", _xlfn.TEXTBEFORE(CONTROL[[#This Row],[VEHIDCODE]],"_",2)="mglv_Wagon","WAGONS_MGLV", AND(_xlfn.TEXTBEFORE(CONTROL[[#This Row],[VEHIDCODE]],"_",1)="mglv",_xlfn.XLOOKUP(CONTROL[[#This Row],[VEHIDCODE]],PROPERTIES[VEHIDCODE],PROPERTIES[DUAL_HEADED])=0),"MAGLEV", _xlfn.TEXTBEFORE(CONTROL[[#This Row],[VEHIDCODE]],"_")="mmu","MMU")} -> ID_RANGE_WAGONS_MGLV | E580: =_xlfn.LET(_xlpm.val, IF(ISBLANK(CONTROL[[#This Row],[VEHIDCODE]]),"",_xlfn.MAXIFS(INDIRECT("E2:E"&ROW()-1,TRUE),INDIRECT("D2:D"&ROW()-1,TRUE),CONTROL[[#This Row],[VEHID_ID_CATEGORY]])+1),IF(_xlpm.val=1,_xlfn.XLOOKUP(CONTROL[[#This Row],[VEHID_ID_CATEGORY]],VEHICLE_ID_RANGES[ID Type],VEHICLE_ID_RANGES[Range Start]),_xlpm.val)) -> 10508 | F580: 7th Gen Heavy Flatcar | G580: NA | H580: =AND(CONTROL[[#This Row],[IS_WAGON_OR_COACH]]=TRUE,OR(RIGHT(CONTROL[[#This Row],[VEHIDCODE]],7)="Powered",RIGHT(CONTROL[[#This Row],[VEHIDCODE]],9)="Unpowered")) -> FALSE | I580: =OR(ISNUMBER(SEARCH("_wagon_powered",CONTROL[[#This Row],[VEHIDCODE]])),ISNUMBER(SEARCH("_wagon_unpowered",CONTROL[[#This Row],[VEHIDCODE]])),ISNUMBER(SEARCH("mu_wagon_",CONTROL[[#This Row],[VEHIDCODE]])),ISNUMBER(SEARCH("mglv_wagon_",CONTROL[[#This Row],[VEHIDCODE]])),ISNUMBER(SEARCH("mu_coach_",CONTROL[[#This Row],[VEHIDCODE]])),ISNUMBER(SEARCH("mglv_coach_",CONTROL[[#This Row],[VEHIDCODE]]))) -> TRUE | J580: =ISNUMBER(_xlfn.XMATCH(CONTROL[[#This Row],[VEHIDCODE]],TRACK_TYPES[VEHIDCODE],0)) -> TRUE | K580: =ISNUMBER(_xlfn.XMATCH(CONTROL[[#This Row],[VEHIDCODE]],PROPERTIES[VEHIDCODE],0)) -> TRUE | L580: =ISNUMBER(_xlfn.XLOOKUP(CONTROL[[#This Row],[VEHIDCODE]],roster!A:A,roster!D:D)) -> TRUE | M580: =ISNUMBER(_xlfn.XMATCH(CONTROL[[#This Row],[VEHIDCODE]],GRAPHICS_PROPERTIES[VEHIDCODE],0)) -> TRUE | N580: ="item_"&CONTROL[[#This Row],[VEHIDCODE]] -> item_mglv_Wagon_Gen7M_Heavy_Flatcar | O580: ="str_"&CONTROL[[#This Row],[VEHIDCODE]] -> str_mglv_Wagon_Gen7M_Heavy_Flatcar | P580: =_xlfn.XLOOKUP(CONTROL[[#This Row],[VEHIDCODE]],PROPERTIES[VEHIDCODE],PROPERTIES[IS_CONCEPT])="IS_CONCEPT" -> TRUE | Q580: =_xlfn.XLOOKUP(CONTROL[[#This Row],[VEHIDCODE]],PROPERTIES[VEHIDCODE],PROPERTIES[EXCLUDE]) -> FALSE | R580: {=_xlfn.XLOOKUP(CONTROL[[#This Row],[VEHIDCODE]],GRAPHICS_PROPERTIES[VEHIDCODE],GRAPHICS_PROPERTIES[TEMPLATE_ID]&GRAPHICS_PROPERTIES[TEMPLATE_AMENDMENT_CODE])} -> TPL_04B
A581: mglv_Wagon_Gen7M_Hopper_Type1 | B581: =_xlfn.TEXTAFTER(CONTROL[[#This Row],[VEHIDCODE]],"_") -> Wagon_Gen7M_Hopper_Type1 | C581: {="src\"&(_xlfn.LET(_xlpm.l,SUBSTITUTE(CONTROL[[#This Row],[VEHID_ID_CATEGORY]],"ID_RANGE_",""),_xlfn.IFS( _xlpm.l="RBS","Railbus\Railbus_Steam", _xlpm.l="RBD","Railbus\Railbus_Diesel", _xlpm.l="RBE","Railbus\Railbus_Electric", _xlpm.l="RBM","Railbus\Railbus_Maglev", _xlpm.l="STEAM","Steam", _xlpm.l="DIESEL","Diesel", OR(_xlpm.l="ELECTRIC", _xlpm.l="MULTIMETRO"),"Electric", _xlpm.l="MAGLEV","Maglev", _xlpm.l="MULTIMAGLEV","MMU", _xlpm.l="CARGODMU","CargoDMU", _xlpm.l="DMU","DMU", _xlpm.l="CARGOEMU","CargoEMU", _xlpm.l="EMU","EMU", _xlpm.l="MMU","MMU", _xlpm.l="SINGLEMETRO","Single_Metro", OR(ISNUMBER(SEARCH("_powered",CONTROL[[#This Row],[VEHIDCODE]])),ISNUMBER(SEARCH("_unpowered",CONTROL[[#This Row],[VEHIDCODE]]))),"Special", _xlpm.l="WAGONS","wagons\"&SUBSTITUTE(_xlfn.TEXTBEFORE(SUBSTITUTE(_xlfn.TEXTAFTER(CONTROL[[#This Row],[VEHIDCODE]],"_",2),"Service_Car","Service#Car"),"_"),"#","_"), _xlpm.l="WAGONS_MGLV","Wagons_Maglev\"&_xlfn.TEXTBEFORE(_xlfn.TEXTAFTER(CONTROL[[#This Row],[VEHIDCODE]],"_",2),"_"), _xlpm.l="COACHES","Coaches\"&_xlfn.TEXTBEFORE(_xlfn.TEXTAFTER(CONTROL[[#This Row],[VEHIDCODE]],"_",2),"_"), _xlpm.l="COACHES_MGLV","Coaches_Maglev\"&_xlfn.TEXTBEFORE(_xlfn.TEXTAFTER(CONTROL[[#This Row],[VEHIDCODE]],"_",2),"_") )))} -> src\Wagons_Maglev\Gen7M | D581: {="ID_RANGE_"&_xlfn.IFS( ISNUMBER(SEARCH("mglv_maglev_wagon",CONTROL[[#This Row],[VEHIDCODE]])),"UNIT_WAGONS_MGLV", ISNUMBER(SEARCH("mu_mu_cargo_wagon",CONTROL[[#This Row],[VEHIDCODE]])),"UNIT_WAGONS_RAIL_CARGO", ISNUMBER(SEARCH("mtro_metro_wagon_",CONTROL[[#This Row],[VEHIDCODE]])),"UNIT_WAGONS_MTRO", ISNUMBER(SEARCH("mu_mu_wagon",CONTROL[[#This Row],[VEHIDCODE]])),"UNIT_WAGONS_RAIL", ISNUMBER(SEARCH("mu_wagon",CONTROL[[#This Row],[VEHIDCODE]])),"WAGONS", ISNUMBER(SEARCH("mu_coach",CONTROL[[#This Row],[VEHIDCODE]])),"COACHES", ISNUMBER(SEARCH("mglv_coach",CONTROL[[#This Row],[VEHIDCODE]])),"COACHES_MGLV", _xlfn.TEXTBEFORE(CONTROL[[#This Row],[VEHIDCODE]],"_")="rbs","RBS", _xlfn.TEXTBEFORE(CONTROL[[#This Row],[VEHIDCODE]],"_")="rbd","RBD", _xlfn.TEXTBEFORE(CONTROL[[#This Row],[VEHIDCODE]],"_")="rbe","RBE", _xlfn.TEXTBEFORE(CONTROL[[#This Row],[VEHIDCODE]],"_")="rbm","RBM", _xlfn.TEXTBEFORE(CONTROL[[#This Row],[VEHIDCODE]],"_")="steam","STEAM", _xlfn.TEXTBEFORE(CONTROL[[#This Row],[VEHIDCODE]],"_")="diesel","DIESEL", _xlfn.TEXTBEFORE(CONTROL[[#This Row],[VEHIDCODE]],"_")="electric","ELECTRIC", _xlfn.TEXTBEFORE(CONTROL[[#This Row],[VEHIDCODE]],"_")="mtro","MULTIMETRO", _xlfn.TEXTBEFORE(CONTROL[[#This Row],[VEHIDCODE]],"_")="singlemtro","SINGLEMETRO", _xlfn.TEXTBEFORE(CONTROL[[#This Row],[VEHIDCODE]],"_")="dmu","DMU", _xlfn.TEXTBEFORE(CONTROL[[#This Row],[VEHIDCODE]],"_")="cargodmu","CARGODMU", _xlfn.TEXTBEFORE(CONTROL[[#This Row],[VEHIDCODE]],"_")="emu","EMU", _xlfn.TEXTBEFORE(CONTROL[[#This Row],[VEHIDCODE]],"_")="cargoemu","CARGOEMU", _xlfn.TEXTBEFORE(CONTROL[[#This Row],[VEHIDCODE]],"_",2)="mglv_Wagon","WAGONS_MGLV", AND(_xlfn.TEXTBEFORE(CONTROL[[#This Row],[VEHIDCODE]],"_",1)="mglv",_xlfn.XLOOKUP(CONTROL[[#This Row],[VEHIDCODE]],PROPERTIES[VEHIDCODE],PROPERTIES[DUAL_HEADED])=0),"MAGLEV", _xlfn.TEXTBEFORE(CONTROL[[#This Row],[VEHIDCODE]],"_")="mmu","MMU")} -> ID_RANGE_WAGONS_MGLV | E581: =_xlfn.LET(_xlpm.val, IF(ISBLANK(CONTROL[[#This Row],[VEHIDCODE]]),"",_xlfn.MAXIFS(INDIRECT("E2:E"&ROW()-1,TRUE),INDIRECT("D2:D"&ROW()-1,TRUE),CONTROL[[#This Row],[VEHID_ID_CATEGORY]])+1),IF(_xlpm.val=1,_xlfn.XLOOKUP(CONTROL[[#This Row],[VEHID_ID_CATEGORY]],VEHICLE_ID_RANGES[ID Type],VEHICLE_ID_RANGES[Range Start]),_xlpm.val)) -> 10509 | F581: 7th Gen Self-discharging Hopper [Food] | G581: NA | H581: =AND(CONTROL[[#This Row],[IS_WAGON_OR_COACH]]=TRUE,OR(RIGHT(CONTROL[[#This Row],[VEHIDCODE]],7)="Powered",RIGHT(CONTROL[[#This Row],[VEHIDCODE]],9)="Unpowered")) -> FALSE | I581: =OR(ISNUMBER(SEARCH("_wagon_powered",CONTROL[[#This Row],[VEHIDCODE]])),ISNUMBER(SEARCH("_wagon_unpowered",CONTROL[[#This Row],[VEHIDCODE]])),ISNUMBER(SEARCH("mu_wagon_",CONTROL[[#This Row],[VEHIDCODE]])),ISNUMBER(SEARCH("mglv_wagon_",CONTROL[[#This Row],[VEHIDCODE]])),ISNUMBER(SEARCH("mu_coach_",CONTROL[[#This Row],[VEHIDCODE]])),ISNUMBER(SEARCH("mglv_coach_",CONTROL[[#This Row],[VEHIDCODE]]))) -> TRUE | J581: =ISNUMBER(_xlfn.XMATCH(CONTROL[[#This Row],[VEHIDCODE]],TRACK_TYPES[VEHIDCODE],0)) -> TRUE | K581: =ISNUMBER(_xlfn.XMATCH(CONTROL[[#This Row],[VEHIDCODE]],PROPERTIES[VEHIDCODE],0)) -> TRUE | L581: =ISNUMBER(_xlfn.XLOOKUP(CONTROL[[#This Row],[VEHIDCODE]],roster!A:A,roster!D:D)) -> TRUE | M581: =ISNUMBER(_xlfn.XMATCH(CONTROL[[#This Row],[VEHIDCODE]],GRAPHICS_PROPERTIES[VEHIDCODE],0)) -> TRUE | N581: ="item_"&CONTROL[[#This Row],[VEHIDCODE]] -> item_mglv_Wagon_Gen7M_Hopper_Type1 | O581: ="str_"&CONTROL[[#This Row],[VEHIDCODE]] -> str_mglv_Wagon_Gen7M_Hopper_Type1 | P581: =_xlfn.XLOOKUP(CONTROL[[#This Row],[VEHIDCODE]],PROPERTIES[VEHIDCODE],PROPERTIES[IS_CONCEPT])="IS_CONCEPT" -> TRUE | Q581: =_xlfn.XLOOKUP(CONTROL[[#This Row],[VEHIDCODE]],PROPERTIES[VEHIDCODE],PROPERTIES[EXCLUDE]) -> FALSE | R581: {=_xlfn.XLOOKUP(CONTROL[[#This Row],[VEHIDCODE]],GRAPHICS_PROPERTIES[VEHIDCODE],GRAPHICS_PROPERTIES[TEMPLATE_ID]&GRAPHICS_PROPERTIES[TEMPLATE_AMENDMENT_CODE])} -> TPL_04B
... A586: mglv_Wagon_Gen7M_Tanker | B586: =_xlfn.TEXTAFTER(CONTROL[[#This Row],[VEHIDCODE]],"_") -> Wagon_Gen7M_Tanker | C586: {="src\"&(_xlfn.LET(_xlpm.l,SUBSTITUTE(CONTROL[[#This Row],[VEHID_ID_CATEGORY]],"ID_RANGE_",""),_xlfn.IFS( _xlpm.l="RBS","Railbus\Railbus_Steam", _xlpm.l="RBD","Railbus\Railbus_Diesel", _xlpm.l="RBE","Railbus\Railbus_Electric", _xlpm.l="RBM","Railbus\Railbus_Maglev", _xlpm.l="STEAM","Steam", _xlpm.l="DIESEL","Diesel", OR(_xlpm.l="ELECTRIC", _xlpm.l="MULTIMETRO"),"Electric", _xlpm.l="MAGLEV","Maglev", _xlpm.l="MULTIMAGLEV","MMU", _xlpm.l="CARGODMU","CargoDMU", _xlpm.l="DMU","DMU", _xlpm.l="CARGOEMU","CargoEMU", _xlpm.l="EMU","EMU", _xlpm.l="MMU","MMU", _xlpm.l="SINGLEMETRO","Single_Metro", OR(ISNUMBER(SEARCH("_powered",CONTROL[[#This Row],[VEHIDCODE]])),ISNUMBER(SEARCH("_unpowered",CONTROL[[#This Row],[VEHIDCODE]]))),"Special", _xlpm.l="WAGONS","wagons\"&SUBSTITUTE(_xlfn.TEXTBEFORE(SUBSTITUTE(_xlfn.TEXTAFTER(CONTROL[[#This Row],[VEHIDCODE]],"_",2),"Service_Car","Service#Car"),"_"),"#","_"), _xlpm.l="WAGONS_MGLV","Wagons_Maglev\"&_xlfn.TEXTBEFORE(_xlfn.TEXTAFTER(CONTROL[[#This Row],[VEHIDCODE]],"_",2),"_"), _xlpm.l="COACHES","Coaches\"&_xlfn.TEXTBEFORE(_xlfn.TEXTAFTER(CONTROL[[#This Row],[VEHIDCODE]],"_",2),"_"), _xlpm.l="COACHES_MGLV","Coaches_Maglev\"&_xlfn.TEXTBEFORE(_xlfn.TEXTAFTER(CONTROL[[#This Row],[VEHIDCODE]],"_",2),"_") )))} -> src\Wagons_Maglev\Gen7M | D586: {="ID_RANGE_"&_xlfn.IFS( ISNUMBER(SEARCH("mglv_maglev_wagon",CONTROL[[#This Row],[VEHIDCODE]])),"UNIT_WAGONS_MGLV", ISNUMBER(SEARCH("mu_mu_cargo_wagon",CONTROL[[#This Row],[VEHIDCODE]])),"UNIT_WAGONS_RAIL_CARGO", ISNUMBER(SEARCH("mtro_metro_wagon_",CONTROL[[#This Row],[VEHIDCODE]])),"UNIT_WAGONS_MTRO", ISNUMBER(SEARCH("mu_mu_wagon",CONTROL[[#This Row],[VEHIDCODE]])),"UNIT_WAGONS_RAIL", ISNUMBER(SEARCH("mu_wagon",CONTROL[[#This Row],[VEHIDCODE]])),"WAGONS", ISNUMBER(SEARCH("mu_coach",CONTROL[[#This Row],[VEHIDCODE]])),"COACHES", ISNUMBER(SEARCH("mglv_coach",CONTROL[[#This Row],[VEHIDCODE]])),"COACHES_MGLV", _xlfn.TEXTBEFORE(CONTROL[[#This Row],[VEHIDCODE]],"_")="rbs","RBS", _xlfn.TEXTBEFORE(CONTROL[[#This Row],[VEHIDCODE]],"_")="rbd","RBD", _xlfn.TEXTBEFORE(CONTROL[[#This Row],[VEHIDCODE]],"_")="rbe","RBE", _xlfn.TEXTBEFORE(CONTROL[[#This Row],[VEHIDCODE]],"_")="rbm","RBM", _xlfn.TEXTBEFORE(CONTROL[[#This Row],[VEHIDCODE]],"_")="steam","STEAM", _xlfn.TEXTBEFORE(CONTROL[[#This Row],[VEHIDCODE]],"_")="diesel","DIESEL", _xlfn.TEXTBEFORE(CONTROL[[#This Row],[VEHIDCODE]],"_")="electric","ELECTRIC", _xlfn.TEXTBEFORE(CONTROL[[#This Row],[VEHIDCODE]],"_")="mtro","MULTIMETRO", _xlfn.TEXTBEFORE(CONTROL[[#This Row],[VEHIDCODE]],"_")="singlemtro","SINGLEMETRO", _xlfn.TEXTBEFORE(CONTROL[[#This Row],[VEHIDCODE]],"_")="dmu","DMU", _xlfn.TEXTBEFORE(CONTROL[[#This Row],[VEHIDCODE]],"_")="cargodmu","CARGODMU", _xlfn.TEXTBEFORE(CONTROL[[#This Row],[VEHIDCODE]],"_")="emu","EMU", _xlfn.TEXTBEFORE(CONTROL[[#This Row],[VEHIDCODE]],"_")="cargoemu","CARGOEMU", _xlfn.TEXTBEFORE(CONTROL[[#This Row],[VEHIDCODE]],"_",2)="mglv_Wagon","WAGONS_MGLV", AND(_xlfn.TEXTBEFORE(CONTROL[[#This Row],[VEHIDCODE]],"_",1)="mglv",_xlfn.XLOOKUP(CONTROL[[#This Row],[VEHIDCODE]],PROPERTIES[VEHIDCODE],PROPERTIES[DUAL_HEADED])=0),"MAGLEV", _xlfn.TEXTBEFORE(CONTROL[[#This Row],[VEHIDCODE]],"_")="mmu","MMU")} -> ID_RANGE_WAGONS_MGLV | E586: =_xlfn.LET(_xlpm.val, IF(ISBLANK(CONTROL[[#This Row],[VEHIDCODE]]),"",_xlfn.MAXIFS(INDIRECT("E2:E"&ROW()-1,TRUE),INDIRECT("D2:D"&ROW()-1,TRUE),CONTROL[[#This Row],[VEHID_ID_CATEGORY]])+1),IF(_xlpm.val=1,_xlfn.XLOOKUP(CONTROL[[#This Row],[VEHID_ID_CATEGORY]],VEHICLE_ID_RANGES[ID Type],VEHICLE_ID_RANGES[Range Start]),_xlpm.val)) -> 10514 | F586: 7th Gen Tanker | G586: NA | H586: =AND(CONTROL[[#This Row],[IS_WAGON_OR_COACH]]=TRUE,OR(RIGHT(CONTROL[[#This Row],[VEHIDCODE]],7)="Powered",RIGHT(CONTROL[[#This Row],[VEHIDCODE]],9)="Unpowered")) -> FALSE | I586: =OR(ISNUMBER(SEARCH("_wagon_powered",CONTROL[[#This Row],[VEHIDCODE]])),ISNUMBER(SEARCH("_wagon_unpowered",CONTROL[[#This Row],[VEHIDCODE]])),ISNUMBER(SEARCH("mu_wagon_",CONTROL[[#This Row],[VEHIDCODE]])),ISNUMBER(SEARCH("mglv_wagon_",CONTROL[[#This Row],[VEHIDCODE]])),ISNUMBER(SEARCH("mu_coach_",CONTROL[[#This Row],[VEHIDCODE]])),ISNUMBER(SEARCH("mglv_coach_",CONTROL[[#This Row],[VEHIDCODE]]))) -> TRUE | J586: =ISNUMBER(_xlfn.XMATCH(CONTROL[[#This Row],[VEHIDCODE]],TRACK_TYPES[VEHIDCODE],0)) -> TRUE | K586: =ISNUMBER(_xlfn.XMATCH(CONTROL[[#This Row],[VEHIDCODE]],PROPERTIES[VEHIDCODE],0)) -> TRUE | L586: =ISNUMBER(_xlfn.XLOOKUP(CONTROL[[#This Row],[VEHIDCODE]],roster!A:A,roster!D:D)) -> TRUE | M586: =ISNUMBER(_xlfn.XMATCH(CONTROL[[#This Row],[VEHIDCODE]],GRAPHICS_PROPERTIES[VEHIDCODE],0)) -> TRUE | N586: ="item_"&CONTROL[[#This Row],[VEHIDCODE]] -> item_mglv_Wagon_Gen7M_Tanker | O586: ="str_"&CONTROL[[#This Row],[VEHIDCODE]] -> str_mglv_Wagon_Gen7M_Tanker | P586: =_xlfn.XLOOKUP(CONTROL[[#This Row],[VEHIDCODE]],PROPERTIES[VEHIDCODE],PROPERTIES[IS_CONCEPT])="IS_CONCEPT" -> TRUE | Q586: =_xlfn.XLOOKUP(CONTROL[[#This Row],[VEHIDCODE]],PROPERTIES[VEHIDCODE],PROPERTIES[EXCLUDE]) -> FALSE | R586: {=_xlfn.XLOOKUP(CONTROL[[#This Row],[VEHIDCODE]],GRAPHICS_PROPERTIES[VEHIDCODE],GRAPHICS_PROPERTIES[TEMPLATE_ID]&GRAPHICS_PROPERTIES[TEMPLATE_AMENDMENT_CODE])} -> TPL_04B
A587: rbd_Niigata_Transys_Shikoku_1000 | B587: =_xlfn.TEXTAFTER(CONTROL[[#This Row],[VEHIDCODE]],"_") -> Niigata_Transys_Shikoku_1000 | C587: {="src\"&(_xlfn.LET(_xlpm.l,SUBSTITUTE(CONTROL[[#This Row],[VEHID_ID_CATEGORY]],"ID_RANGE_",""),_xlfn.IFS( _xlpm.l="RBS","Railbus\Railbus_Steam", _xlpm.l="RBD","Railbus\Railbus_Diesel", _xlpm.l="RBE","Railbus\Railbus_Electric", _xlpm.l="RBM","Railbus\Railbus_Maglev", _xlpm.l="STEAM","Steam", _xlpm.l="DIESEL","Diesel", OR(_xlpm.l="ELECTRIC", _xlpm.l="MULTIMETRO"),"Electric", _xlpm.l="MAGLEV","Maglev", _xlpm.l="MULTIMAGLEV","MMU", _xlpm.l="CARGODMU","CargoDMU", _xlpm.l="DMU","DMU", _xlpm.l="CARGOEMU","CargoEMU", _xlpm.l="EMU","EMU", _xlpm.l="MMU","MMU", _xlpm.l="SINGLEMETRO","Single_Metro", OR(ISNUMBER(SEARCH("_powered",CONTROL[[#This Row],[VEHIDCODE]])),ISNUMBER(SEARCH("_unpowered",CONTROL[[#This Row],[VEHIDCODE]]))),"Special", _xlpm.l="WAGONS","wagons\"&SUBSTITUTE(_xlfn.TEXTBEFORE(SUBSTITUTE(_xlfn.TEXTAFTER(CONTROL[[#This Row],[VEHIDCODE]],"_",2),"Service_Car","Service#Car"),"_"),"#","_"), _xlpm.l="WAGONS_MGLV","Wagons_Maglev\"&_xlfn.TEXTBEFORE(_xlfn.TEXTAFTER(CONTROL[[#This Row],[VEHIDCODE]],"_",2),"_"), _xlpm.l="COACHES","Coaches\"&_xlfn.TEXTBEFORE(_xlfn.TEXTAFTER(CONTROL[[#This Row],[VEHIDCODE]],"_",2),"_"), _xlpm.l="COACHES_MGLV","Coaches_Maglev\"&_xlfn.TEXTBEFORE(_xlfn.TEXTAFTER(CONTROL[[#This Row],[VEHIDCODE]],"_",2),"_") )))} -> src\Railbus\Railbus_Diesel | D587: {="ID_RANGE_"&_xlfn.IFS( ISNUMBER(SEARCH("mglv_maglev_wagon",CONTROL[[#This Row],[VEHIDCODE]])),"UNIT_WAGONS_MGLV", ISNUMBER(SEARCH("mu_mu_cargo_wagon",CONTROL[[#This Row],[VEHIDCODE]])),"UNIT_WAGONS_RAIL_CARGO", ISNUMBER(SEARCH("mtro_metro_wagon_",CONTROL[[#This Row],[VEHIDCODE]])),"UNIT_WAGONS_MTRO", ISNUMBER(SEARCH("mu_mu_wagon",CONTROL[[#This Row],[VEHIDCODE]])),"UNIT_WAGONS_RAIL", ISNUMBER(SEARCH("mu_wagon",CONTROL[[#This Row],[VEHIDCODE]])),"WAGONS", ISNUMBER(SEARCH("mu_coach",CONTROL[[#This Row],[VEHIDCODE]])),"COACHES", ISNUMBER(SEARCH("mglv_coach",CONTROL[[#This Row],[VEHIDCODE]])),"COACHES_MGLV", _xlfn.TEXTBEFORE(CONTROL[[#This Row],[VEHIDCODE]],"_")="rbs","RBS", _xlfn.TEXTBEFORE(CONTROL[[#This Row],[VEHIDCODE]],"_")="rbd","RBD", _xlfn.TEXTBEFORE(CONTROL[[#This Row],[VEHIDCODE]],"_")="rbe","RBE", _xlfn.TEXTBEFORE(CONTROL[[#This Row],[VEHIDCODE]],"_")="rbm","RBM", _xlfn.TEXTBEFORE(CONTROL[[#This Row],[VEHIDCODE]],"_")="steam","STEAM", _xlfn.TEXTBEFORE(CONTROL[[#This Row],[VEHIDCODE]],"_")="diesel","DIESEL", _xlfn.TEXTBEFORE(CONTROL[[#This Row],[VEHIDCODE]],"_")="electric","ELECTRIC", _xlfn.TEXTBEFORE(CONTROL[[#This Row],[VEHIDCODE]],"_")="mtro","MULTIMETRO", _xlfn.TEXTBEFORE(CONTROL[[#This Row],[VEHIDCODE]],"_")="singlemtro","SINGLEMETRO", _xlfn.TEXTBEFORE(CONTROL[[#This Row],[VEHIDCODE]],"_")="dmu","DMU", _xlfn.TEXTBEFORE(CONTROL[[#This Row],[VEHIDCODE]],"_")="cargodmu","CARGODMU", _xlfn.TEXTBEFORE(CONTROL[[#This Row],[VEHIDCODE]],"_")="emu","EMU", _xlfn.TEXTBEFORE(CONTROL[[#This Row],[VEHIDCODE]],"_")="cargoemu","CARGOEMU", _xlfn.TEXTBEFORE(CONTROL[[#This Row],[VEHIDCODE]],"_",2)="mglv_Wagon","WAGONS_MGLV", AND(_xlfn.TEXTBEFORE(CONTROL[[#This Row],[VEHIDCODE]],"_",1)="mglv",_xlfn.XLOOKUP(CONTROL[[#This Row],[VEHIDCODE]],PROPERTIES[VEHIDCODE],PROPERTIES[DUAL_HEADED])=0),"MAGLEV", _xlfn.TEXTBEFORE(CONTROL[[#This Row],[VEHIDCODE]],"_")="mmu","MMU")} -> ID_RANGE_RBD | E587: 2038 | F587: Niigata Transys Shikoku 1000 | G587: https://en.wikipedia.org/wiki/JR_Shikoku_1000_series | H587: =AND(CONTROL[[#This Row],[IS_WAGON_OR_COACH]]=TRUE,OR(RIGHT(CONTROL[[#This Row],[VEHIDCODE]],7)="Powered",RIGHT(CONTROL[[#This Row],[VEHIDCODE]],9)="Unpowered")) -> FALSE | I587: =OR(ISNUMBER(SEARCH("_wagon_powered",CONTROL[[#This Row],[VEHIDCODE]])),ISNUMBER(SEARCH("_wagon_unpowered",CONTROL[[#This Row],[VEHIDCODE]])),ISNUMBER(SEARCH("mu_wagon_",CONTROL[[#This Row],[VEHIDCODE]])),ISNUMBER(SEARCH("mglv_wagon_",CONTROL[[#This Row],[VEHIDCODE]])),ISNUMBER(SEARCH("mu_coach_",CONTROL[[#This Row],[VEHIDCODE]])),ISNUMBER(SEARCH("mglv_coach_",CONTROL[[#This Row],[VEHIDCODE]]))) -> FALSE | J587: =ISNUMBER(_xlfn.XMATCH(CONTROL[[#This Row],[VEHIDCODE]],TRACK_TYPES[VEHIDCODE],0)) -> TRUE | K587: =ISNUMBER(_xlfn.XMATCH(CONTROL[[#This Row],[VEHIDCODE]],PROPERTIES[VEHIDCODE],0)) -> TRUE | L587: =ISNUMBER(_xlfn.XLOOKUP(CONTROL[[#This Row],[VEHIDCODE]],roster!A:A,roster!D:D)) -> TRUE | M587: =ISNUMBER(_xlfn.XMATCH(CONTROL[[#This Row],[VEHIDCODE]],GRAPHICS_PROPERTIES[VEHIDCODE],0)) -> TRUE | N587: ="item_"&CONTROL[[#This Row],[VEHIDCODE]] -> item_rbd_Niigata_Transys_Shikoku_1000 | O587: ="str_"&CONTROL[[#This Row],[VEHIDCODE]] -> str_rbd_Niigata_Transys_Shikoku_1000 | P587: =_xlfn.XLOOKUP(CONTROL[[#This Row],[VEHIDCODE]],PROPERTIES[VEHIDCODE],PROPERTIES[IS_CONCEPT])="IS_CONCEPT" -> FALSE | Q587: =_xlfn.XLOOKUP(CONTROL[[#This Row],[VEHIDCODE]],PROPERTIES[VEHIDCODE],PROPERTIES[EXCLUDE]) -> FALSE | R587: {=_xlfn.XLOOKUP(CONTROL[[#This Row],[VEHIDCODE]],GRAPHICS_PROPERTIES[VEHIDCODE],GRAPHICS_PROPERTIES[TEMPLATE_ID]&GRAPHICS_PROPERTIES[TEMPLATE_AMENDMENT_CODE])} -> TPL_01B
A588: rbd_Niigata_Transys_KiHa_E120 | B588: =_xlfn.TEXTAFTER(CONTROL[[#This Row],[VEHIDCODE]],"_") -> Niigata_Transys_KiHa_E120 | C588: {="src\"&(_xlfn.LET(_xlpm.l,SUBSTITUTE(CONTROL[[#This Row],[VEHID_ID_CATEGORY]],"ID_RANGE_",""),_xlfn.IFS( _xlpm.l="RBS","Railbus\Railbus_Steam", _xlpm.l="RBD","Railbus\Railbus_Diesel", _xlpm.l="RBE","Railbus\Railbus_Electric", _xlpm.l="RBM","Railbus\Railbus_Maglev", _xlpm.l="STEAM","Steam", _xlpm.l="DIESEL","Diesel", OR(_xlpm.l="ELECTRIC", _xlpm.l="MULTIMETRO"),"Electric", _xlpm.l="MAGLEV","Maglev", _xlpm.l="MULTIMAGLEV","MMU", _xlpm.l="CARGODMU","CargoDMU", _xlpm.l="DMU","DMU", _xlpm.l="CARGOEMU","CargoEMU", _xlpm.l="EMU","EMU", _xlpm.l="MMU","MMU", _xlpm.l="SINGLEMETRO","Single_Metro", OR(ISNUMBER(SEARCH("_powered",CONTROL[[#This Row],[VEHIDCODE]])),ISNUMBER(SEARCH("_unpowered",CONTROL[[#This Row],[VEHIDCODE]]))),"Special", _xlpm.l="WAGONS","wagons\"&SUBSTITUTE(_xlfn.TEXTBEFORE(SUBSTITUTE(_xlfn.TEXTAFTER(CONTROL[[#This Row],[VEHIDCODE]],"_",2),"Service_Car","Service#Car"),"_"),"#","_"), _xlpm.l="WAGONS_MGLV","Wagons_Maglev\"&_xlfn.TEXTBEFORE(_xlfn.TEXTAFTER(CONTROL[[#This Row],[VEHIDCODE]],"_",2),"_"), _xlpm.l="COACHES","Coaches\"&_xlfn.TEXTBEFORE(_xlfn.TEXTAFTER(CONTROL[[#This Row],[VEHIDCODE]],"_",2),"_"), _xlpm.l="COACHES_MGLV","Coaches_Maglev\"&_xlfn.TEXTBEFORE(_xlfn.TEXTAFTER(CONTROL[[#This Row],[VEHIDCODE]],"_",2),"_") )))} -> src\Railbus\Railbus_Diesel | D588: {="ID_RANGE_"&_xlfn.IFS( ISNUMBER(SEARCH("mglv_maglev_wagon",CONTROL[[#This Row],[VEHIDCODE]])),"UNIT_WAGONS_MGLV", ISNUMBER(SEARCH("mu_mu_cargo_wagon",CONTROL[[#This Row],[VEHIDCODE]])),"UNIT_WAGONS_RAIL_CARGO", ISNUMBER(SEARCH("mtro_metro_wagon_",CONTROL[[#This Row],[VEHIDCODE]])),"UNIT_WAGONS_MTRO", ISNUMBER(SEARCH("mu_mu_wagon",CONTROL[[#This Row],[VEHIDCODE]])),"UNIT_WAGONS_RAIL", ISNUMBER(SEARCH("mu_wagon",CONTROL[[#This Row],[VEHIDCODE]])),"WAGONS", ISNUMBER(SEARCH("mu_coach",CONTROL[[#This Row],[VEHIDCODE]])),"COACHES", ISNUMBER(SEARCH("mglv_coach",CONTROL[[#This Row],[VEHIDCODE]])),"COACHES_MGLV", _xlfn.TEXTBEFORE(CONTROL[[#This Row],[VEHIDCODE]],"_")="rbs","RBS", _xlfn.TEXTBEFORE(CONTROL[[#This Row],[VEHIDCODE]],"_")="rbd","RBD", _xlfn.TEXTBEFORE(CONTROL[[#This Row],[VEHIDCODE]],"_")="rbe","RBE", _xlfn.TEXTBEFORE(CONTROL[[#This Row],[VEHIDCODE]],"_")="rbm","RBM", _xlfn.TEXTBEFORE(CONTROL[[#This Row],[VEHIDCODE]],"_")="steam","STEAM", _xlfn.TEXTBEFORE(CONTROL[[#This Row],[VEHIDCODE]],"_")="diesel","DIESEL", _xlfn.TEXTBEFORE(CONTROL[[#This Row],[VEHIDCODE]],"_")="electric","ELECTRIC", _xlfn.TEXTBEFORE(CONTROL[[#This Row],[VEHIDCODE]],"_")="mtro","MULTIMETRO", _xlfn.TEXTBEFORE(CONTROL[[#This Row],[VEHIDCODE]],"_")="singlemtro","SINGLEMETRO", _xlfn.TEXTBEFORE(CONTROL[[#This Row],[VEHIDCODE]],"_")="dmu","DMU", _xlfn.TEXTBEFORE(CONTROL[[#This Row],[VEHIDCODE]],"_")="cargodmu","CARGODMU", _xlfn.TEXTBEFORE(CONTROL[[#This Row],[VEHIDCODE]],"_")="emu","EMU", _xlfn.TEXTBEFORE(CONTROL[[#This Row],[VEHIDCODE]],"_")="cargoemu","CARGOEMU", _xlfn.TEXTBEFORE(CONTROL[[#This Row],[VEHIDCODE]],"_",2)="mglv_Wagon","WAGONS_MGLV", AND(_xlfn.TEXTBEFORE(CONTROL[[#This Row],[VEHIDCODE]],"_",1)="mglv",_xlfn.XLOOKUP(CONTROL[[#This Row],[VEHIDCODE]],PROPERTIES[VEHIDCODE],PROPERTIES[DUAL_HEADED])=0),"MAGLEV", _xlfn.TEXTBEFORE(CONTROL[[#This Row],[VEHIDCODE]],"_")="mmu","MMU")} -> ID_RANGE_RBD | E588: 2040 | F588: Niigata Transys KiHa E120 | G588: https://en.wikipedia.org/wiki/KiHa_E120 | H588: =AND(CONTROL[[#This Row],[IS_WAGON_OR_COACH]]=TRUE,OR(RIGHT(CONTROL[[#This Row],[VEHIDCODE]],7)="Powered",RIGHT(CONTROL[[#This Row],[VEHIDCODE]],9)="Unpowered")) -> FALSE | I588: =OR(ISNUMBER(SEARCH("_wagon_powered",CONTROL[[#This Row],[VEHIDCODE]])),ISNUMBER(SEARCH("_wagon_unpowered",CONTROL[[#This Row],[VEHIDCODE]])),ISNUMBER(SEARCH("mu_wagon_",CONTROL[[#This Row],[VEHIDCODE]])),ISNUMBER(SEARCH("mglv_wagon_",CONTROL[[#This Row],[VEHIDCODE]])),ISNUMBER(SEARCH("mu_coach_",CONTROL[[#This Row],[VEHIDCODE]])),ISNUMBER(SEARCH("mglv_coach_",CONTROL[[#This Row],[VEHIDCODE]]))) -> FALSE | J588: =ISNUMBER(_xlfn.XMATCH(CONTROL[[#This Row],[VEHIDCODE]],TRACK_TYPES[VEHIDCODE],0)) -> TRUE | K588: =ISNUMBER(_xlfn.XMATCH(CONTROL[[#This Row],[VEHIDCODE]],PROPERTIES[VEHIDCODE],0)) -> TRUE | L588: =ISNUMBER(_xlfn.XLOOKUP(CONTROL[[#This Row],[VEHIDCODE]],roster!A:A,roster!D:D)) -> TRUE | M588: =ISNUMBER(_xlfn.XMATCH(CONTROL[[#This Row],[VEHIDCODE]],GRAPHICS_PROPERTIES[VEHIDCODE],0)) -> TRUE | N588: ="item_"&CONTROL[[#This Row],[VEHIDCODE]] -> item_rbd_Niigata_Transys_KiHa_E120 | O588: ="str_"&CONTROL[[#This Row],[VEHIDCODE]] -> str_rbd_Niigata_Transys_KiHa_E120 | P588: =_xlfn.XLOOKUP(CONTROL[[#This Row],[VEHIDCODE]],PROPERTIES[VEHIDCODE],PROPERTIES[IS_CONCEPT])="IS_CONCEPT" -> FALSE | Q588: =_xlfn.XLOOKUP(CONTROL[[#This Row],[VEHIDCODE]],PROPERTIES[VEHIDCODE],PROPERTIES[EXCLUDE]) -> FALSE | R588: {=_xlfn.XLOOKUP(CONTROL[[#This Row],[VEHIDCODE]],GRAPHICS_PROPERTIES[VEHIDCODE],GRAPHICS_PROPERTIES[TEMPLATE_ID]&GRAPHICS_PROPERTIES[TEMPLATE_AMENDMENT_CODE])} -> TPL_01B
A589: rbd_EFE_SB_56_Buscarril | B589: =_xlfn.TEXTAFTER(CONTROL[[#This Row],[VEHIDCODE]],"_") -> EFE_SB_56_Buscarril | C589: {="src\"&(_xlfn.LET(_xlpm.l,SUBSTITUTE(CONTROL[[#This Row],[VEHID_ID_CATEGORY]],"ID_RANGE_",""),_xlfn.IFS( _xlpm.l="RBS","Railbus\Railbus_Steam", _xlpm.l="RBD","Railbus\Railbus_Diesel", _xlpm.l="RBE","Railbus\Railbus_Electric", _xlpm.l="RBM","Railbus\Railbus_Maglev", _xlpm.l="STEAM","Steam", _xlpm.l="DIESEL","Diesel", OR(_xlpm.l="ELECTRIC", _xlpm.l="MULTIMETRO"),"Electric", _xlpm.l="MAGLEV","Maglev", _xlpm.l="MULTIMAGLEV","MMU", _xlpm.l="CARGODMU","CargoDMU", _xlpm.l="DMU","DMU", _xlpm.l="CARGOEMU","CargoEMU", _xlpm.l="EMU","EMU", _xlpm.l="MMU","MMU", _xlpm.l="SINGLEMETRO","Single_Metro", OR(ISNUMBER(SEARCH("_powered",CONTROL[[#This Row],[VEHIDCODE]])),ISNUMBER(SEARCH("_unpowered",CONTROL[[#This Row],[VEHIDCODE]]))),"Special", _xlpm.l="WAGONS","wagons\"&SUBSTITUTE(_xlfn.TEXTBEFORE(SUBSTITUTE(_xlfn.TEXTAFTER(CONTROL[[#This Row],[VEHIDCODE]],"_",2),"Service_Car","Service#Car"),"_"),"#","_"), _xlpm.l="WAGONS_MGLV","Wagons_Maglev\"&_xlfn.TEXTBEFORE(_xlfn.TEXTAFTER(CONTROL[[#This Row],[VEHIDCODE]],"_",2),"_"), _xlpm.l="COACHES","Coaches\"&_xlfn.TEXTBEFORE(_xlfn.TEXTAFTER(CONTROL[[#This Row],[VEHIDCODE]],"_",2),"_"), _xlpm.l="COACHES_MGLV","Coaches_Maglev\"&_xlfn.TEXTBEFORE(_xlfn.TEXTAFTER(CONTROL[[#This Row],[VEHIDCODE]],"_",2),"_") )))} -> src\Railbus\Railbus_Diesel | D589: {="ID_RANGE_"&_xlfn.IFS( ISNUMBER(SEARCH("mglv_maglev_wagon",CONTROL[[#This Row],[VEHIDCODE]])),"UNIT_WAGONS_MGLV", ISNUMBER(SEARCH("mu_mu_cargo_wagon",CONTROL[[#This Row],[VEHIDCODE]])),"UNIT_WAGONS_RAIL_CARGO", ISNUMBER(SEARCH("mtro_metro_wagon_",CONTROL[[#This Row],[VEHIDCODE]])),"UNIT_WAGONS_MTRO", ISNUMBER(SEARCH("mu_mu_wagon",CONTROL[[#This Row],[VEHIDCODE]])),"UNIT_WAGONS_RAIL", ISNUMBER(SEARCH("mu_wagon",CONTROL[[#This Row],[VEHIDCODE]])),"WAGONS", ISNUMBER(SEARCH("mu_coach",CONTROL[[#This Row],[VEHIDCODE]])),"COACHES", ISNUMBER(SEARCH("mglv_coach",CONTROL[[#This Row],[VEHIDCODE]])),"COACHES_MGLV", _xlfn.TEXTBEFORE(CONTROL[[#This Row],[VEHIDCODE]],"_")="rbs","RBS", _xlfn.TEXTBEFORE(CONTROL[[#This Row],[VEHIDCODE]],"_")="rbd","RBD", _xlfn.TEXTBEFORE(CONTROL[[#This Row],[VEHIDCODE]],"_")="rbe","RBE", _xlfn.TEXTBEFORE(CONTROL[[#This Row],[VEHIDCODE]],"_")="rbm","RBM", _xlfn.TEXTBEFORE(CONTROL[[#This Row],[VEHIDCODE]],"_")="steam","STEAM", _xlfn.TEXTBEFORE(CONTROL[[#This Row],[VEHIDCODE]],"_")="diesel","DIESEL", _xlfn.TEXTBEFORE(CONTROL[[#This Row],[VEHIDCODE]],"_")="electric","ELECTRIC", _xlfn.TEXTBEFORE(CONTROL[[#This Row],[VEHIDCODE]],"_")="mtro","MULTIMETRO", _xlfn.TEXTBEFORE(CONTROL[[#This Row],[VEHIDCODE]],"_")="singlemtro","SINGLEMETRO", _xlfn.TEXTBEFORE(CONTROL[[#This Row],[VEHIDCODE]],"_")="dmu","DMU", _xlfn.TEXTBEFORE(CONTROL[[#This Row],[VEHIDCODE]],"_")="cargodmu","CARGODMU", _xlfn.TEXTBEFORE(CONTROL[[#This Row],[VEHIDCODE]],"_")="emu","EMU", _xlfn.TEXTBEFORE(CONTROL[[#This Row],[VEHIDCODE]],"_")="cargoemu","CARGOEMU", _xlfn.TEXTBEFORE(CONTROL[[#This Row],[VEHIDCODE]],"_",2)="mglv_Wagon","WAGONS_MGLV", AND(_xlfn.TEXTBEFORE(CONTROL[[#This Row],[VEHIDCODE]],"_",1)="mglv",_xlfn.XLOOKUP(CONTROL[[#This Row],[VEHIDCODE]],PROPERTIES[VEHIDCODE],PROPERTIES[DUAL_HEADED])=0),"MAGLEV", _xlfn.TEXTBEFORE(CONTROL[[#This Row],[VEHIDCODE]],"_")="mmu","MMU")} -> ID_RANGE_RBD | E589: 2042 | F589: Ferrostaal SB-56 | G589: https://es.wikipedia.org/wiki/Ramal_Talca-Constituci%C3%B3n | H589: =AND(CONTROL[[#This Row],[IS_WAGON_OR_COACH]]=TRUE,OR(RIGHT(CONTROL[[#This Row],[VEHIDCODE]],7)="Powered",RIGHT(CONTROL[[#This Row],[VEHIDCODE]],9)="Unpowered")) -> FALSE | I589: =OR(ISNUMBER(SEARCH("_wagon_powered",CONTROL[[#This Row],[VEHIDCODE]])),ISNUMBER(SEARCH("_wagon_unpowered",CONTROL[[#This Row],[VEHIDCODE]])),ISNUMBER(SEARCH("mu_wagon_",CONTROL[[#This Row],[VEHIDCODE]])),ISNUMBER(SEARCH("mglv_wagon_",CONTROL[[#This Row],[VEHIDCODE]])),ISNUMBER(SEARCH("mu_coach_",CONTROL[[#This Row],[VEHIDCODE]])),ISNUMBER(SEARCH("mglv_coach_",CONTROL[[#This Row],[VEHIDCODE]]))) -> FALSE | J589: =ISNUMBER(_xlfn.XMATCH(CONTROL[[#This Row],[VEHIDCODE]],TRACK_TYPES[VEHIDCODE],0)) -> TRUE | K589: =ISNUMBER(_xlfn.XMATCH(CONTROL[[#This Row],[VEHIDCODE]],PROPERTIES[VEHIDCODE],0)) -> TRUE | L589: =ISNUMBER(_xlfn.XLOOKUP(CONTROL[[#This Row],[VEHIDCODE]],roster!A:A,roster!D:D)) -> TRUE | M589: =ISNUMBER(_xlfn.XMATCH(CONTROL[[#This Row],[VEHIDCODE]],GRAPHICS_PROPERTIES[VEHIDCODE],0)) -> TRUE | N589: ="item_"&CONTROL[[#This Row],[VEHIDCODE]] -> item_rbd_EFE_SB_56_Buscarril | O589: ="str_"&CONTROL[[#This Row],[VEHIDCODE]] -> str_rbd_EFE_SB_56_Buscarril | P589: =_xlfn.XLOOKUP(CONTROL[[#This Row],[VEHIDCODE]],PROPERTIES[VEHIDCODE],PROPERTIES[IS_CONCEPT])="IS_CONCEPT" -> FALSE | Q589: =_xlfn.XLOOKUP(CONTROL[[#This Row],[VEHIDCODE]],PROPERTIES[VEHIDCODE],PROPERTIES[EXCLUDE]) -> FALSE | R589: {=_xlfn.XLOOKUP(CONTROL[[#This Row],[VEHIDCODE]],GRAPHICS_PROPERTIES[VEHIDCODE],GRAPHICS_PROPERTIES[TEMPLATE_ID]&GRAPHICS_PROPERTIES[TEMPLATE_AMENDMENT_CODE])} -> TPL_01B
A590: rbd_Sulzer_M_Railcar | B590: =_xlfn.TEXTAFTER(CONTROL[[#This Row],[VEHIDCODE]],"_") -> Sulzer_M_Railcar | C590: {="src\"&(_xlfn.LET(_xlpm.l,SUBSTITUTE(CONTROL[[#This Row],[VEHID_ID_CATEGORY]],"ID_RANGE_",""),_xlfn.IFS( _xlpm.l="RBS","Railbus\Railbus_Steam", _xlpm.l="RBD","Railbus\Railbus_Diesel", _xlpm.l="RBE","Railbus\Railbus_Electric", _xlpm.l="RBM","Railbus\Railbus_Maglev", _xlpm.l="STEAM","Steam", _xlpm.l="DIESEL","Diesel", OR(_xlpm.l="ELECTRIC", _xlpm.l="MULTIMETRO"),"Electric", _xlpm.l="MAGLEV","Maglev", _xlpm.l="MULTIMAGLEV","MMU", _xlpm.l="CARGODMU","CargoDMU", _xlpm.l="DMU","DMU", _xlpm.l="CARGOEMU","CargoEMU", _xlpm.l="EMU","EMU", _xlpm.l="MMU","MMU", _xlpm.l="SINGLEMETRO","Single_Metro", OR(ISNUMBER(SEARCH("_powered",CONTROL[[#This Row],[VEHIDCODE]])),ISNUMBER(SEARCH("_unpowered",CONTROL[[#This Row],[VEHIDCODE]]))),"Special", _xlpm.l="WAGONS","wagons\"&SUBSTITUTE(_xlfn.TEXTBEFORE(SUBSTITUTE(_xlfn.TEXTAFTER(CONTROL[[#This Row],[VEHIDCODE]],"_",2),"Service_Car","Service#Car"),"_"),"#","_"), _xlpm.l="WAGONS_MGLV","Wagons_Maglev\"&_xlfn.TEXTBEFORE(_xlfn.TEXTAFTER(CONTROL[[#This Row],[VEHIDCODE]],"_",2),"_"), _xlpm.l="COACHES","Coaches\"&_xlfn.TEXTBEFORE(_xlfn.TEXTAFTER(CONTROL[[#This Row],[VEHIDCODE]],"_",2),"_"), _xlpm.l="COACHES_MGLV","Coaches_Maglev\"&_xlfn.TEXTBEFORE(_xlfn.TEXTAFTER(CONTROL[[#This Row],[VEHIDCODE]],"_",2),"_") )))} -> src\Railbus\Railbus_Diesel | D590: {="ID_RANGE_"&_xlfn.IFS( ISNUMBER(SEARCH("mglv_maglev_wagon",CONTROL[[#This Row],[VEHIDCODE]])),"UNIT_WAGONS_MGLV", ISNUMBER(SEARCH("mu_mu_cargo_wagon",CONTROL[[#This Row],[VEHIDCODE]])),"UNIT_WAGONS_RAIL_CARGO", ISNUMBER(SEARCH("mtro_metro_wagon_",CONTROL[[#This Row],[VEHIDCODE]])),"UNIT_WAGONS_MTRO", ISNUMBER(SEARCH("mu_mu_wagon",CONTROL[[#This Row],[VEHIDCODE]])),"UNIT_WAGONS_RAIL", ISNUMBER(SEARCH("mu_wagon",CONTROL[[#This Row],[VEHIDCODE]])),"WAGONS", ISNUMBER(SEARCH("mu_coach",CONTROL[[#This Row],[VEHIDCODE]])),"COACHES", ISNUMBER(SEARCH("mglv_coach",CONTROL[[#This Row],[VEHIDCODE]])),"COACHES_MGLV", _xlfn.TEXTBEFORE(CONTROL[[#This Row],[VEHIDCODE]],"_")="rbs","RBS", _xlfn.TEXTBEFORE(CONTROL[[#This Row],[VEHIDCODE]],"_")="rbd","RBD", _xlfn.TEXTBEFORE(CONTROL[[#This Row],[VEHIDCODE]],"_")="rbe","RBE", _xlfn.TEXTBEFORE(CONTROL[[#This Row],[VEHIDCODE]],"_")="rbm","RBM", _xlfn.TEXTBEFORE(CONTROL[[#This Row],[VEHIDCODE]],"_")="steam","STEAM", _xlfn.TEXTBEFORE(CONTROL[[#This Row],[VEHIDCODE]],"_")="diesel","DIESEL", _xlfn.TEXTBEFORE(CONTROL[[#This Row],[VEHIDCODE]],"_")="electric","ELECTRIC", _xlfn.TEXTBEFORE(CONTROL[[#This Row],[VEHIDCODE]],"_")="mtro","MULTIMETRO", _xlfn.TEXTBEFORE(CONTROL[[#This Row],[VEHIDCODE]],"_")="singlemtro","SINGLEMETRO", _xlfn.TEXTBEFORE(CONTROL[[#This Row],[VEHIDCODE]],"_")="dmu","DMU", _xlfn.TEXTBEFORE(CONTROL[[#This Row],[VEHIDCODE]],"_")="cargodmu","CARGODMU", _xlfn.TEXTBEFORE(CONTROL[[#This Row],[VEHIDCODE]],"_")="emu","EMU", _xlfn.TEXTBEFORE(CONTROL[[#This Row],[VEHIDCODE]],"_")="cargoemu","CARGOEMU", _xlfn.TEXTBEFORE(CONTROL[[#This Row],[VEHIDCODE]],"_",2)="mglv_Wagon","WAGONS_MGLV", AND(_xlfn.TEXTBEFORE(CONTROL[[#This Row],[VEHIDCODE]],"_",1)="mglv",_xlfn.XLOOKUP(CONTROL[[#This Row],[VEHIDCODE]],PROPERTIES[VEHIDCODE],PROPERTIES[DUAL_HEADED])=0),"MAGLEV", _xlfn.TEXTBEFORE(CONTROL[[#This Row],[VEHIDCODE]],"_")="mmu","MMU")} -> ID_RANGE_RBD | E590: 2043 | F590: Sulzer M Railcar | G590: https://www.derbysulzers.com/argentinadmu1935.html | H590: =AND(CONTROL[[#This Row],[IS_WAGON_OR_COACH]]=TRUE,OR(RIGHT(CONTROL[[#This Row],[VEHIDCODE]],7)="Powered",RIGHT(CONTROL[[#This Row],[VEHIDCODE]],9)="Unpowered")) -> FALSE | I590: =OR(ISNUMBER(SEARCH("_wagon_powered",CONTROL[[#This Row],[VEHIDCODE]])),ISNUMBER(SEARCH("_wagon_unpowered",CONTROL[[#This Row],[VEHIDCODE]])),ISNUMBER(SEARCH("mu_wagon_",CONTROL[[#This Row],[VEHIDCODE]])),ISNUMBER(SEARCH("mglv_wagon_",CONTROL[[#This Row],[VEHIDCODE]])),ISNUMBER(SEARCH("mu_coach_",CONTROL[[#This Row],[VEHIDCODE]])),ISNUMBER(SEARCH("mglv_coach_",CONTROL[[#This Row],[VEHIDCODE]]))) -> FALSE | J590: =ISNUMBER(_xlfn.XMATCH(CONTROL[[#This Row],[VEHIDCODE]],TRACK_TYPES[VEHIDCODE],0)) -> TRUE | K590: =ISNUMBER(_xlfn.XMATCH(CONTROL[[#This Row],[VEHIDCODE]],PROPERTIES[VEHIDCODE],0)) -> TRUE | L590: =ISNUMBER(_xlfn.XLOOKUP(CONTROL[[#This Row],[VEHIDCODE]],roster!A:A,roster!D:D)) -> TRUE | M590: =ISNUMBER(_xlfn.XMATCH(CONTROL[[#This Row],[VEHIDCODE]],GRAPHICS_PROPERTIES[VEHIDCODE],0)) -> TRUE | N590: ="item_"&CONTROL[[#This Row],[VEHIDCODE]] -> item_rbd_Sulzer_M_Railcar | O590: ="str_"&CONTROL[[#This Row],[VEHIDCODE]] -> str_rbd_Sulzer_M_Railcar | P590: =_xlfn.XLOOKUP(CONTROL[[#This Row],[VEHIDCODE]],PROPERTIES[VEHIDCODE],PROPERTIES[IS_CONCEPT])="IS_CONCEPT" -> FALSE | Q590: =_xlfn.XLOOKUP(CONTROL[[#This Row],[VEHIDCODE]],PROPERTIES[VEHIDCODE],PROPERTIES[EXCLUDE]) -> FALSE | R590: {=_xlfn.XLOOKUP(CONTROL[[#This Row],[VEHIDCODE]],GRAPHICS_PROPERTIES[VEHIDCODE],GRAPHICS_PROPERTIES[TEMPLATE_ID]&GRAPHICS_PROPERTIES[TEMPLATE_AMENDMENT_CODE])} -> TPL_01B
A591: rbd_Eritrean_Railway_A_62_70_Littorina | B591: =_xlfn.TEXTAFTER(CONTROL[[#This Row],[VEHIDCODE]],"_") -> Eritrean_Railway_A_62_70_Littorina | C591: {="src\"&(_xlfn.LET(_xlpm.l,SUBSTITUTE(CONTROL[[#This Row],[VEHID_ID_CATEGORY]],"ID_RANGE_",""),_xlfn.IFS( _xlpm.l="RBS","Railbus\Railbus_Steam", _xlpm.l="RBD","Railbus\Railbus_Diesel", _xlpm.l="RBE","Railbus\Railbus_Electric", _xlpm.l="RBM","Railbus\Railbus_Maglev", _xlpm.l="STEAM","Steam", _xlpm.l="DIESEL","Diesel", OR(_xlpm.l="ELECTRIC", _xlpm.l="MULTIMETRO"),"Electric", _xlpm.l="MAGLEV","Maglev", _xlpm.l="MULTIMAGLEV","MMU", _xlpm.l="CARGODMU","CargoDMU", _xlpm.l="DMU","DMU", _xlpm.l="CARGOEMU","CargoEMU", _xlpm.l="EMU","EMU", _xlpm.l="MMU","MMU", _xlpm.l="SINGLEMETRO","Single_Metro", OR(ISNUMBER(SEARCH("_powered",CONTROL[[#This Row],[VEHIDCODE]])),ISNUMBER(SEARCH("_unpowered",CONTROL[[#This Row],[VEHIDCODE]]))),"Special", _xlpm.l="WAGONS","wagons\"&SUBSTITUTE(_xlfn.TEXTBEFORE(SUBSTITUTE(_xlfn.TEXTAFTER(CONTROL[[#This Row],[VEHIDCODE]],"_",2),"Service_Car","Service#Car"),"_"),"#","_"), _xlpm.l="WAGONS_MGLV","Wagons_Maglev\"&_xlfn.TEXTBEFORE(_xlfn.TEXTAFTER(CONTROL[[#This Row],[VEHIDCODE]],"_",2),"_"), _xlpm.l="COACHES","Coaches\"&_xlfn.TEXTBEFORE(_xlfn.TEXTAFTER(CONTROL[[#This Row],[VEHIDCODE]],"_",2),"_"), _xlpm.l="COACHES_MGLV","Coaches_Maglev\"&_xlfn.TEXTBEFORE(_xlfn.TEXTAFTER(CONTROL[[#This Row],[VEHIDCODE]],"_",2),"_") )))} -> src\Railbus\Railbus_Diesel | D591: {="ID_RANGE_"&_xlfn.IFS( ISNUMBER(SEARCH("mglv_maglev_wagon",CONTROL[[#This Row],[VEHIDCODE]])),"UNIT_WAGONS_MGLV", ISNUMBER(SEARCH("mu_mu_cargo_wagon",CONTROL[[#This Row],[VEHIDCODE]])),"UNIT_WAGONS_RAIL_CARGO", ISNUMBER(SEARCH("mtro_metro_wagon_",CONTROL[[#This Row],[VEHIDCODE]])),"UNIT_WAGONS_MTRO", ISNUMBER(SEARCH("mu_mu_wagon",CONTROL[[#This Row],[VEHIDCODE]])),"UNIT_WAGONS_RAIL", ISNUMBER(SEARCH("mu_wagon",CONTROL[[#This Row],[VEHIDCODE]])),"WAGONS", ISNUMBER(SEARCH("mu_coach",CONTROL[[#This Row],[VEHIDCODE]])),"COACHES", ISNUMBER(SEARCH("mglv_coach",CONTROL[[#This Row],[VEHIDCODE]])),"COACHES_MGLV", _xlfn.TEXTBEFORE(CONTROL[[#This Row],[VEHIDCODE]],"_")="rbs","RBS", _xlfn.TEXTBEFORE(CONTROL[[#This Row],[VEHIDCODE]],"_")="rbd","RBD", _xlfn.TEXTBEFORE(CONTROL[[#This Row],[VEHIDCODE]],"_")="rbe","RBE", _xlfn.TEXTBEFORE(CONTROL[[#This Row],[VEHIDCODE]],"_")="rbm","RBM", _xlfn.TEXTBEFORE(CONTROL[[#This Row],[VEHIDCODE]],"_")="steam","STEAM", _xlfn.TEXTBEFORE(CONTROL[[#This Row],[VEHIDCODE]],"_")="diesel","DIESEL", _xlfn.TEXTBEFORE(CONTROL[[#This Row],[VEHIDCODE]],"_")="electric","ELECTRIC", _xlfn.TEXTBEFORE(CONTROL[[#This Row],[VEHIDCODE]],"_")="mtro","MULTIMETRO", _xlfn.TEXTBEFORE(CONTROL[[#This Row],[VEHIDCODE]],"_")="singlemtro","SINGLEMETRO", _xlfn.TEXTBEFORE(CONTROL[[#This Row],[VEHIDCODE]],"_")="dmu","DMU", _xlfn.TEXTBEFORE(CONTROL[[#This Row],[VEHIDCODE]],"_")="cargodmu","CARGODMU", _xlfn.TEXTBEFORE(CONTROL[[#This Row],[VEHIDCODE]],"_")="emu","EMU", _xlfn.TEXTBEFORE(CONTROL[[#This Row],[VEHIDCODE]],"_")="cargoemu","CARGOEMU", _xlfn.TEXTBEFORE(CONTROL[[#This Row],[VEHIDCODE]],"_",2)="mglv_Wagon","WAGONS_MGLV", AND(_xlfn.TEXTBEFORE(CONTROL[[#This Row],[VEHIDCODE]],"_",1)="mglv",_xlfn.XLOOKUP(CONTROL[[#This Row],[VEHIDCODE]],PROPERTIES[VEHIDCODE],PROPERTIES[DUAL_HEADED])=0),"MAGLEV", _xlfn.TEXTBEFORE(CONTROL[[#This Row],[VEHIDCODE]],"_")="mmu","MMU")} -> ID_RANGE_RBD | E591: 2045 | F591: Eritrean Railway A.62-70 'Littorina' | G591: https://it.wikipedia.org/wiki/Automotrice_FS_ALn_56 | H591: =AND(CONTROL[[#This Row],[IS_WAGON_OR_COACH]]=TRUE,OR(RIGHT(CONTROL[[#This Row],[VEHIDCODE]],7)="Powered",RIGHT(CONTROL[[#This Row],[VEHIDCODE]],9)="Unpowered")) -> FALSE | I591: =OR(ISNUMBER(SEARCH("_wagon_powered",CONTROL[[#This Row],[VEHIDCODE]])),ISNUMBER(SEARCH("_wagon_unpowered",CONTROL[[#This Row],[VEHIDCODE]])),ISNUMBER(SEARCH("mu_wagon_",CONTROL[[#This Row],[VEHIDCODE]])),ISNUMBER(SEARCH("mglv_wagon_",CONTROL[[#This Row],[VEHIDCODE]])),ISNUMBER(SEARCH("mu_coach_",CONTROL[[#This Row],[VEHIDCODE]])),ISNUMBER(SEARCH("mglv_coach_",CONTROL[[#This Row],[VEHIDCODE]]))) -> FALSE | J591: =ISNUMBER(_xlfn.XMATCH(CONTROL[[#This Row],[VEHIDCODE]],TRACK_TYPES[VEHIDCODE],0)) -> TRUE | K591: =ISNUMBER(_xlfn.XMATCH(CONTROL[[#This Row],[VEHIDCODE]],PROPERTIES[VEHIDCODE],0)) -> TRUE | L591: =ISNUMBER(_xlfn.XLOOKUP(CONTROL[[#This Row],[VEHIDCODE]],roster!A:A,roster!D:D)) -> TRUE | M591: =ISNUMBER(_xlfn.XMATCH(CONTROL[[#This Row],[VEHIDCODE]],GRAPHICS_PROPERTIES[VEHIDCODE],0)) -> TRUE | N591: ="item_"&CONTROL[[#This Row],[VEHIDCODE]] -> item_rbd_Eritrean_Railway_A_62_70_Littorina | O591: ="str_"&CONTROL[[#This Row],[VEHIDCODE]] -> str_rbd_Eritrean_Railway_A_62_70_Littorina | P591: =_xlfn.XLOOKUP(CONTROL[[#This Row],[VEHIDCODE]],PROPERTIES[VEHIDCODE],PROPERTIES[IS_CONCEPT])="IS_CONCEPT" -> FALSE | Q591: =_xlfn.XLOOKUP(CONTROL[[#This Row],[VEHIDCODE]],PROPERTIES[VEHIDCODE],PROPERTIES[EXCLUDE]) -> FALSE | R591: {=_xlfn.XLOOKUP(CONTROL[[#This Row],[VEHIDCODE]],GRAPHICS_PROPERTIES[VEHIDCODE],GRAPHICS_PROPERTIES[TEMPLATE_ID]&GRAPHICS_PROPERTIES[TEMPLATE_AMENDMENT_CODE])} -> TPL_01B
A592: rbe_SLM_CFe_3_3 | B592: =_xlfn.TEXTAFTER(CONTROL[[#This Row],[VEHIDCODE]],"_") -> SLM_CFe_3_3 | C592: {="src\"&(_xlfn.LET(_xlpm.l,SUBSTITUTE(CONTROL[[#This Row],[VEHID_ID_CATEGORY]],"ID_RANGE_",""),_xlfn.IFS( _xlpm.l="RBS","Railbus\Railbus_Steam", _xlpm.l="RBD","Railbus\Railbus_Diesel", _xlpm.l="RBE","Railbus\Railbus_Electric", _xlpm.l="RBM","Railbus\Railbus_Maglev", _xlpm.l="STEAM","Steam", _xlpm.l="DIESEL","Diesel", OR(_xlpm.l="ELECTRIC", _xlpm.l="MULTIMETRO"),"Electric", _xlpm.l="MAGLEV","Maglev", _xlpm.l="MULTIMAGLEV","MMU", _xlpm.l="CARGODMU","CargoDMU", _xlpm.l="DMU","DMU", _xlpm.l="CARGOEMU","CargoEMU", _xlpm.l="EMU","EMU", _xlpm.l="MMU","MMU", _xlpm.l="SINGLEMETRO","Single_Metro", OR(ISNUMBER(SEARCH("_powered",CONTROL[[#This Row],[VEHIDCODE]])),ISNUMBER(SEARCH("_unpowered",CONTROL[[#This Row],[VEHIDCODE]]))),"Special", _xlpm.l="WAGONS","wagons\"&SUBSTITUTE(_xlfn.TEXTBEFORE(SUBSTITUTE(_xlfn.TEXTAFTER(CONTROL[[#This Row],[VEHIDCODE]],"_",2),"Service_Car","Service#Car"),"_"),"#","_"), _xlpm.l="WAGONS_MGLV","Wagons_Maglev\"&_xlfn.TEXTBEFORE(_xlfn.TEXTAFTER(CONTROL[[#This Row],[VEHIDCODE]],"_",2),"_"), _xlpm.l="COACHES","Coaches\"&_xlfn.TEXTBEFORE(_xlfn.TEXTAFTER(CONTROL[[#This Row],[VEHIDCODE]],"_",2),"_"), _xlpm.l="COACHES_MGLV","Coaches_Maglev\"&_xlfn.TEXTBEFORE(_xlfn.TEXTAFTER(CONTROL[[#This Row],[VEHIDCODE]],"_",2),"_") )))} -> src\Railbus\Railbus_Electric | D592: {="ID_RANGE_"&_xlfn.IFS( ISNUMBER(SEARCH("mglv_maglev_wagon",CONTROL[[#This Row],[VEHIDCODE]])),"UNIT_WAGONS_MGLV", ISNUMBER(SEARCH("mu_mu_cargo_wagon",CONTROL[[#This Row],[VEHIDCODE]])),"UNIT_WAGONS_RAIL_CARGO", ISNUMBER(SEARCH("mtro_metro_wagon_",CONTROL[[#This Row],[VEHIDCODE]])),"UNIT_WAGONS_MTRO", ISNUMBER(SEARCH("mu_mu_wagon",CONTROL[[#This Row],[VEHIDCODE]])),"UNIT_WAGONS_RAIL", ISNUMBER(SEARCH("mu_wagon",CONTROL[[#This Row],[VEHIDCODE]])),"WAGONS", ISNUMBER(SEARCH("mu_coach",CONTROL[[#This Row],[VEHIDCODE]])),"COACHES", ISNUMBER(SEARCH("mglv_coach",CONTROL[[#This Row],[VEHIDCODE]])),"COACHES_MGLV", _xlfn.TEXTBEFORE(CONTROL[[#This Row],[VEHIDCODE]],"_")="rbs","RBS", _xlfn.TEXTBEFORE(CONTROL[[#This Row],[VEHIDCODE]],"_")="rbd","RBD", _xlfn.TEXTBEFORE(CONTROL[[#This Row],[VEHIDCODE]],"_")="rbe","RBE", _xlfn.TEXTBEFORE(CONTROL[[#This Row],[VEHIDCODE]],"_")="rbm","RBM", _xlfn.TEXTBEFORE(CONTROL[[#This Row],[VEHIDCODE]],"_")="steam","STEAM", _xlfn.TEXTBEFORE(CONTROL[[#This Row],[VEHIDCODE]],"_")="diesel","DIESEL", _xlfn.TEXTBEFORE(CONTROL[[#This Row],[VEHIDCODE]],"_")="electric","ELECTRIC", _xlfn.TEXTBEFORE(CONTROL[[#This Row],[VEHIDCODE]],"_")="mtro","MULTIMETRO", _xlfn.TEXTBEFORE(CONTROL[[#This Row],[VEHIDCODE]],"_")="singlemtro","SINGLEMETRO", _xlfn.TEXTBEFORE(CONTROL[[#This Row],[VEHIDCODE]],"_")="dmu","DMU", _xlfn.TEXTBEFORE(CONTROL[[#This Row],[VEHIDCODE]],"_")="cargodmu","CARGODMU", _xlfn.TEXTBEFORE(CONTROL[[#This Row],[VEHIDCODE]],"_")="emu","EMU", _xlfn.TEXTBEFORE(CONTROL[[#This Row],[VEHIDCODE]],"_")="cargoemu","CARGOEMU", _xlfn.TEXTBEFORE(CONTROL[[#This Row],[VEHIDCODE]],"_",2)="mglv_Wagon","WAGONS_MGLV", AND(_xlfn.TEXTBEFORE(CONTROL[[#This Row],[VEHIDCODE]],"_",1)="mglv",_xlfn.XLOOKUP(CONTROL[[#This Row],[VEHIDCODE]],PROPERTIES[VEHIDCODE],PROPERTIES[DUAL_HEADED])=0),"MAGLEV", _xlfn.TEXTBEFORE(CONTROL[[#This Row],[VEHIDCODE]],"_")="mmu","MMU")} -> ID_RANGE_RBE | E592: 3000 | F592: SLM CFe 3/3 | G592: https://de.wikipedia.org/wiki/AG_CFe_3/3 | H592: =AND(CONTROL[[#This Row],[IS_WAGON_OR_COACH]]=TRUE,OR(RIGHT(CONTROL[[#This Row],[VEHIDCODE]],7)="Powered",RIGHT(CONTROL[[#This Row],[VEHIDCODE]],9)="Unpowered")) -> FALSE | I592: =OR(ISNUMBER(SEARCH("_wagon_powered",CONTROL[[#This Row],[VEHIDCODE]])),ISNUMBER(SEARCH("_wagon_unpowered",CONTROL[[#This Row],[VEHIDCODE]])),ISNUMBER(SEARCH("mu_wagon_",CONTROL[[#This Row],[VEHIDCODE]])),ISNUMBER(SEARCH("mglv_wagon_",CONTROL[[#This Row],[VEHIDCODE]])),ISNUMBER(SEARCH("mu_coach_",CONTROL[[#This Row],[VEHIDCODE]])),ISNUMBER(SEARCH("mglv_coach_",CONTROL[[#This Row],[VEHIDCODE]]))) -> FALSE | J592: =ISNUMBER(_xlfn.XMATCH(CONTROL[[#This Row],[VEHIDCODE]],TRACK_TYPES[VEHIDCODE],0)) -> TRUE | K592: =ISNUMBER(_xlfn.XMATCH(CONTROL[[#This Row],[VEHIDCODE]],PROPERTIES[VEHIDCODE],0)) -> TRUE | L592: =ISNUMBER(_xlfn.XLOOKUP(CONTROL[[#This Row],[VEHIDCODE]],roster!A:A,roster!D:D)) -> TRUE | M592: =ISNUMBER(_xlfn.XMATCH(CONTROL[[#This Row],[VEHIDCODE]],GRAPHICS_PROPERTIES[VEHIDCODE],0)) -> TRUE | N592: ="item_"&CONTROL[[#This Row],[VEHIDCODE]] -> item_rbe_SLM_CFe_3_3 | O592: ="str_"&CONTROL[[#This Row],[VEHIDCODE]] -> str_rbe_SLM_CFe_3_3 | P592: =_xlfn.XLOOKUP(CONTROL[[#This Row],[VEHIDCODE]],PROPERTIES[VEHIDCODE],PROPERTIES[IS_CONCEPT])="IS_CONCEPT" -> FALSE | Q592: =_xlfn.XLOOKUP(CONTROL[[#This Row],[VEHIDCODE]],PROPERTIES[VEHIDCODE],PROPERTIES[EXCLUDE]) -> FALSE | R592: {=_xlfn.XLOOKUP(CONTROL[[#This Row],[VEHIDCODE]],GRAPHICS_PROPERTIES[VEHIDCODE],GRAPHICS_PROPERTIES[TEMPLATE_ID]&GRAPHICS_PROPERTIES[TEMPLATE_AMENDMENT_CODE])} -> TPL_01B
A593: rbe_TPC_BVB_Be_2_2 | B593: =_xlfn.TEXTAFTER(CONTROL[[#This Row],[VEHIDCODE]],"_") -> TPC_BVB_Be_2_2 | C593: {="src\"&(_xlfn.LET(_xlpm.l,SUBSTITUTE(CONTROL[[#This Row],[VEHID_ID_CATEGORY]],"ID_RANGE_",""),_xlfn.IFS( _xlpm.l="RBS","Railbus\Railbus_Steam", _xlpm.l="RBD","Railbus\Railbus_Diesel", _xlpm.l="RBE","Railbus\Railbus_Electric", _xlpm.l="RBM","Railbus\Railbus_Maglev", _xlpm.l="STEAM","Steam", _xlpm.l="DIESEL","Diesel", OR(_xlpm.l="ELECTRIC", _xlpm.l="MULTIMETRO"),"Electric", _xlpm.l="MAGLEV","Maglev", _xlpm.l="MULTIMAGLEV","MMU", _xlpm.l="CARGODMU","CargoDMU", _xlpm.l="DMU","DMU", _xlpm.l="CARGOEMU","CargoEMU", _xlpm.l="EMU","EMU", _xlpm.l="MMU","MMU", _xlpm.l="SINGLEMETRO","Single_Metro", OR(ISNUMBER(SEARCH("_powered",CONTROL[[#This Row],[VEHIDCODE]])),ISNUMBER(SEARCH("_unpowered",CONTROL[[#This Row],[VEHIDCODE]]))),"Special", _xlpm.l="WAGONS","wagons\"&SUBSTITUTE(_xlfn.TEXTBEFORE(SUBSTITUTE(_xlfn.TEXTAFTER(CONTROL[[#This Row],[VEHIDCODE]],"_",2),"Service_Car","Service#Car"),"_"),"#","_"), _xlpm.l="WAGONS_MGLV","Wagons_Maglev\"&_xlfn.TEXTBEFORE(_xlfn.TEXTAFTER(CONTROL[[#This Row],[VEHIDCODE]],"_",2),"_"), _xlpm.l="COACHES","Coaches\"&_xlfn.TEXTBEFORE(_xlfn.TEXTAFTER(CONTROL[[#This Row],[VEHIDCODE]],"_",2),"_"), _xlpm.l="COACHES_MGLV","Coaches_Maglev\"&_xlfn.TEXTBEFORE(_xlfn.TEXTAFTER(CONTROL[[#This Row],[VEHIDCODE]],"_",2),"_") )))} -> src\Railbus\Railbus_Electric | D593: {="ID_RANGE_"&_xlfn.IFS( ISNUMBER(SEARCH("mglv_maglev_wagon",CONTROL[[#This Row],[VEHIDCODE]])),"UNIT_WAGONS_MGLV", ISNUMBER(SEARCH("mu_mu_cargo_wagon",CONTROL[[#This Row],[VEHIDCODE]])),"UNIT_WAGONS_RAIL_CARGO", ISNUMBER(SEARCH("mtro_metro_wagon_",CONTROL[[#This Row],[VEHIDCODE]])),"UNIT_WAGONS_MTRO", ISNUMBER(SEARCH("mu_mu_wagon",CONTROL[[#This Row],[VEHIDCODE]])),"UNIT_WAGONS_RAIL", ISNUMBER(SEARCH("mu_wagon",CONTROL[[#This Row],[VEHIDCODE]])),"WAGONS", ISNUMBER(SEARCH("mu_coach",CONTROL[[#This Row],[VEHIDCODE]])),"COACHES", ISNUMBER(SEARCH("mglv_coach",CONTROL[[#This Row],[VEHIDCODE]])),"COACHES_MGLV", _xlfn.TEXTBEFORE(CONTROL[[#This Row],[VEHIDCODE]],"_")="rbs","RBS", _xlfn.TEXTBEFORE(CONTROL[[#This Row],[VEHIDCODE]],"_")="rbd","RBD", _xlfn.TEXTBEFORE(CONTROL[[#This Row],[VEHIDCODE]],"_")="rbe","RBE", _xlfn.TEXTBEFORE(CONTROL[[#This Row],[VEHIDCODE]],"_")="rbm","RBM", _xlfn.TEXTBEFORE(CONTROL[[#This Row],[VEHIDCODE]],"_")="steam","STEAM", _xlfn.TEXTBEFORE(CONTROL[[#This Row],[VEHIDCODE]],"_")="diesel","DIESEL", _xlfn.TEXTBEFORE(CONTROL[[#This Row],[VEHIDCODE]],"_")="electric","ELECTRIC", _xlfn.TEXTBEFORE(CONTROL[[#This Row],[VEHIDCODE]],"_")="mtro","MULTIMETRO", _xlfn.TEXTBEFORE(CONTROL[[#This Row],[VEHIDCODE]],"_")="singlemtro","SINGLEMETRO", _xlfn.TEXTBEFORE(CONTROL[[#This Row],[VEHIDCODE]],"_")="dmu","DMU", _xlfn.TEXTBEFORE(CONTROL[[#This Row],[VEHIDCODE]],"_")="cargodmu","CARGODMU", _xlfn.TEXTBEFORE(CONTROL[[#This Row],[VEHIDCODE]],"_")="emu","EMU", _xlfn.TEXTBEFORE(CONTROL[[#This Row],[VEHIDCODE]],"_")="cargoemu","CARGOEMU", _xlfn.TEXTBEFORE(CONTROL[[#This Row],[VEHIDCODE]],"_",2)="mglv_Wagon","WAGONS_MGLV", AND(_xlfn.TEXTBEFORE(CONTROL[[#This Row],[VEHIDCODE]],"_",1)="mglv",_xlfn.XLOOKUP(CONTROL[[#This Row],[VEHIDCODE]],PROPERTIES[VEHIDCODE],PROPERTIES[DUAL_HEADED])=0),"MAGLEV", _xlfn.TEXTBEFORE(CONTROL[[#This Row],[VEHIDCODE]],"_")="mmu","MMU")} -> ID_RANGE_RBE | E593: 3006 | F593: TPC BVB Be 2/2 | G593: https://www.tram-museum.ch/en/machines/bvb-be-2-2-8 | H593: =AND(CONTROL[[#This Row],[IS_WAGON_OR_COACH]]=TRUE,OR(RIGHT(CONTROL[[#This Row],[VEHIDCODE]],7)="Powered",RIGHT(CONTROL[[#This Row],[VEHIDCODE]],9)="Unpowered")) -> FALSE | I593: =OR(ISNUMBER(SEARCH("_wagon_powered",CONTROL[[#This Row],[VEHIDCODE]])),ISNUMBER(SEARCH("_wagon_unpowered",CONTROL[[#This Row],[VEHIDCODE]])),ISNUMBER(SEARCH("mu_wagon_",CONTROL[[#This Row],[VEHIDCODE]])),ISNUMBER(SEARCH("mglv_wagon_",CONTROL[[#This Row],[VEHIDCODE]])),ISNUMBER(SEARCH("mu_coach_",CONTROL[[#This Row],[VEHIDCODE]])),ISNUMBER(SEARCH("mglv_coach_",CONTROL[[#This Row],[VEHIDCODE]]))) -> FALSE | J593: =ISNUMBER(_xlfn.XMATCH(CONTROL[[#This Row],[VEHIDCODE]],TRACK_TYPES[VEHIDCODE],0)) -> TRUE | K593: =ISNUMBER(_xlfn.XMATCH(CONTROL[[#This Row],[VEHIDCODE]],PROPERTIES[VEHIDCODE],0)) -> TRUE | L593: =ISNUMBER(_xlfn.XLOOKUP(CONTROL[[#This Row],[VEHIDCODE]],roster!A:A,roster!D:D)) -> TRUE | M593: =ISNUMBER(_xlfn.XMATCH(CONTROL[[#This Row],[VEHIDCODE]],GRAPHICS_PROPERTIES[VEHIDCODE],0)) -> TRUE | N593: ="item_"&CONTROL[[#This Row],[VEHIDCODE]] -> item_rbe_TPC_BVB_Be_2_2 | O593: ="str_"&CONTROL[[#This Row],[VEHIDCODE]] -> str_rbe_TPC_BVB_Be_2_2 | P593: =_xlfn.XLOOKUP(CONTROL[[#This Row],[VEHIDCODE]],PROPERTIES[VEHIDCODE],PROPERTIES[IS_CONCEPT])="IS_CONCEPT" -> FALSE | Q593: =_xlfn.XLOOKUP(CONTROL[[#This Row],[VEHIDCODE]],PROPERTIES[VEHIDCODE],PROPERTIES[EXCLUDE]) -> FALSE | R593: {=_xlfn.XLOOKUP(CONTROL[[#This Row],[VEHIDCODE]],GRAPHICS_PROPERTIES[VEHIDCODE],GRAPHICS_PROPERTIES[TEMPLATE_ID]&GRAPHICS_PROPERTIES[TEMPLATE_AMENDMENT_CODE])} -> TPL_01B
A594: rbe_MVR_Beh_2_4 | B594: =_xlfn.TEXTAFTER(CONTROL[[#This Row],[VEHIDCODE]],"_") -> MVR_Beh_2_4 | C594: {="src\"&(_xlfn.LET(_xlpm.l,SUBSTITUTE(CONTROL[[#This Row],[VEHID_ID_CATEGORY]],"ID_RANGE_",""),_xlfn.IFS( _xlpm.l="RBS","Railbus\Railbus_Steam", _xlpm.l="RBD","Railbus\Railbus_Diesel", _xlpm.l="RBE","Railbus\Railbus_Electric", _xlpm.l="RBM","Railbus\Railbus_Maglev", _xlpm.l="STEAM","Steam", _xlpm.l="DIESEL","Diesel", OR(_xlpm.l="ELECTRIC", _xlpm.l="MULTIMETRO"),"Electric", _xlpm.l="MAGLEV","Maglev", _xlpm.l="MULTIMAGLEV","MMU", _xlpm.l="CARGODMU","CargoDMU", _xlpm.l="DMU","DMU", _xlpm.l="CARGOEMU","CargoEMU", _xlpm.l="EMU","EMU", _xlpm.l="MMU","MMU", _xlpm.l="SINGLEMETRO","Single_Metro", OR(ISNUMBER(SEARCH("_powered",CONTROL[[#This Row],[VEHIDCODE]])),ISNUMBER(SEARCH("_unpowered",CONTROL[[#This Row],[VEHIDCODE]]))),"Special", _xlpm.l="WAGONS","wagons\"&SUBSTITUTE(_xlfn.TEXTBEFORE(SUBSTITUTE(_xlfn.TEXTAFTER(CONTROL[[#This Row],[VEHIDCODE]],"_",2),"Service_Car","Service#Car"),"_"),"#","_"), _xlpm.l="WAGONS_MGLV","Wagons_Maglev\"&_xlfn.TEXTBEFORE(_xlfn.TEXTAFTER(CONTROL[[#This Row],[VEHIDCODE]],"_",2),"_"), _xlpm.l="COACHES","Coaches\"&_xlfn.TEXTBEFORE(_xlfn.TEXTAFTER(CONTROL[[#This Row],[VEHIDCODE]],"_",2),"_"), _xlpm.l="COACHES_MGLV","Coaches_Maglev\"&_xlfn.TEXTBEFORE(_xlfn.TEXTAFTER(CONTROL[[#This Row],[VEHIDCODE]],"_",2),"_") )))} -> src\Railbus\Railbus_Electric | D594: {="ID_RANGE_"&_xlfn.IFS( ISNUMBER(SEARCH("mglv_maglev_wagon",CONTROL[[#This Row],[VEHIDCODE]])),"UNIT_WAGONS_MGLV", ISNUMBER(SEARCH("mu_mu_cargo_wagon",CONTROL[[#This Row],[VEHIDCODE]])),"UNIT_WAGONS_RAIL_CARGO", ISNUMBER(SEARCH("mtro_metro_wagon_",CONTROL[[#This Row],[VEHIDCODE]])),"UNIT_WAGONS_MTRO", ISNUMBER(SEARCH("mu_mu_wagon",CONTROL[[#This Row],[VEHIDCODE]])),"UNIT_WAGONS_RAIL", ISNUMBER(SEARCH("mu_wagon",CONTROL[[#This Row],[VEHIDCODE]])),"WAGONS", ISNUMBER(SEARCH("mu_coach",CONTROL[[#This Row],[VEHIDCODE]])),"COACHES", ISNUMBER(SEARCH("mglv_coach",CONTROL[[#This Row],[VEHIDCODE]])),"COACHES_MGLV", _xlfn.TEXTBEFORE(CONTROL[[#This Row],[VEHIDCODE]],"_")="rbs","RBS", _xlfn.TEXTBEFORE(CONTROL[[#This Row],[VEHIDCODE]],"_")="rbd","RBD", _xlfn.TEXTBEFORE(CONTROL[[#This Row],[VEHIDCODE]],"_")="rbe","RBE", _xlfn.TEXTBEFORE(CONTROL[[#This Row],[VEHIDCODE]],"_")="rbm","RBM", _xlfn.TEXTBEFORE(CONTROL[[#This Row],[VEHIDCODE]],"_")="steam","STEAM", _xlfn.TEXTBEFORE(CONTROL[[#This Row],[VEHIDCODE]],"_")="diesel","DIESEL", _xlfn.TEXTBEFORE(CONTROL[[#This Row],[VEHIDCODE]],"_")="electric","ELECTRIC", _xlfn.TEXTBEFORE(CONTROL[[#This Row],[VEHIDCODE]],"_")="mtro","MULTIMETRO", _xlfn.TEXTBEFORE(CONTROL[[#This Row],[VEHIDCODE]],"_")="singlemtro","SINGLEMETRO", _xlfn.TEXTBEFORE(CONTROL[[#This Row],[VEHIDCODE]],"_")="dmu","DMU", _xlfn.TEXTBEFORE(CONTROL[[#This Row],[VEHIDCODE]],"_")="cargodmu","CARGODMU", _xlfn.TEXTBEFORE(CONTROL[[#This Row],[VEHIDCODE]],"_")="emu","EMU", _xlfn.TEXTBEFORE(CONTROL[[#This Row],[VEHIDCODE]],"_")="cargoemu","CARGOEMU", _xlfn.TEXTBEFORE(CONTROL[[#This Row],[VEHIDCODE]],"_",2)="mglv_Wagon","WAGONS_MGLV", AND(_xlfn.TEXTBEFORE(CONTROL[[#This Row],[VEHIDCODE]],"_",1)="mglv",_xlfn.XLOOKUP(CONTROL[[#This Row],[VEHIDCODE]],PROPERTIES[VEHIDCODE],PROPERTIES[DUAL_HEADED])=0),"MAGLEV", _xlfn.TEXTBEFORE(CONTROL[[#This Row],[VEHIDCODE]],"_")="mmu","MMU")} -> ID_RANGE_RBE | E594: 3016 | F594: MVR Beh 2/4 | G594: http://www.railfaneurope.net/list/switzerland_mvr.html | H594: =AND(CONTROL[[#This Row],[IS_WAGON_OR_COACH]]=TRUE,OR(RIGHT(CONTROL[[#This Row],[VEHIDCODE]],7)="Powered",RIGHT(CONTROL[[#This Row],[VEHIDCODE]],9)="Unpowered")) -> FALSE | I594: =OR(ISNUMBER(SEARCH("_wagon_powered",CONTROL[[#This Row],[VEHIDCODE]])),ISNUMBER(SEARCH("_wagon_unpowered",CONTROL[[#This Row],[VEHIDCODE]])),ISNUMBER(SEARCH("mu_wagon_",CONTROL[[#This Row],[VEHIDCODE]])),ISNUMBER(SEARCH("mglv_wagon_",CONTROL[[#This Row],[VEHIDCODE]])),ISNUMBER(SEARCH("mu_coach_",CONTROL[[#This Row],[VEHIDCODE]])),ISNUMBER(SEARCH("mglv_coach_",CONTROL[[#This Row],[VEHIDCODE]]))) -> FALSE | J594: =ISNUMBER(_xlfn.XMATCH(CONTROL[[#This Row],[VEHIDCODE]],TRACK_TYPES[VEHIDCODE],0)) -> TRUE | K594: =ISNUMBER(_xlfn.XMATCH(CONTROL[[#This Row],[VEHIDCODE]],PROPERTIES[VEHIDCODE],0)) -> TRUE | L594: =ISNUMBER(_xlfn.XLOOKUP(CONTROL[[#This Row],[VEHIDCODE]],roster!A:A,roster!D:D)) -> TRUE | M594: =ISNUMBER(_xlfn.XMATCH(CONTROL[[#This Row],[VEHIDCODE]],GRAPHICS_PROPERTIES[VEHIDCODE],0)) -> TRUE | N594: ="item_"&CONTROL[[#This Row],[VEHIDCODE]] -> item_rbe_MVR_Beh_2_4 | O594: ="str_"&CONTROL[[#This Row],[VEHIDCODE]] -> str_rbe_MVR_Beh_2_4 | P594: =_xlfn.XLOOKUP(CONTROL[[#This Row],[VEHIDCODE]],PROPERTIES[VEHIDCODE],PROPERTIES[IS_CONCEPT])="IS_CONCEPT" -> FALSE | Q594: =_xlfn.XLOOKUP(CONTROL[[#This Row],[VEHIDCODE]],PROPERTIES[VEHIDCODE],PROPERTIES[EXCLUDE]) -> FALSE | R594: {=_xlfn.XLOOKUP(CONTROL[[#This Row],[VEHIDCODE]],GRAPHICS_PROPERTIES[VEHIDCODE],GRAPHICS_PROPERTIES[TEMPLATE_ID]&GRAPHICS_PROPERTIES[TEMPLATE_AMENDMENT_CODE])} -> TPL_01B
A595: rbe_Ferrocarril_de_Soller_1_3 | B595: =_xlfn.TEXTAFTER(CONTROL[[#This Row],[VEHIDCODE]],"_") -> Ferrocarril_de_Soller_1_3 | C595: {="src\"&(_xlfn.LET(_xlpm.l,SUBSTITUTE(CONTROL[[#This Row],[VEHID_ID_CATEGORY]],"ID_RANGE_",""),_xlfn.IFS( _xlpm.l="RBS","Railbus\Railbus_Steam", _xlpm.l="RBD","Railbus\Railbus_Diesel", _xlpm.l="RBE","Railbus\Railbus_Electric", _xlpm.l="RBM","Railbus\Railbus_Maglev", _xlpm.l="STEAM","Steam", _xlpm.l="DIESEL","Diesel", OR(_xlpm.l="ELECTRIC", _xlpm.l="MULTIMETRO"),"Electric", _xlpm.l="MAGLEV","Maglev", _xlpm.l="MULTIMAGLEV","MMU", _xlpm.l="CARGODMU","CargoDMU", _xlpm.l="DMU","DMU", _xlpm.l="CARGOEMU","CargoEMU", _xlpm.l="EMU","EMU", _xlpm.l="MMU","MMU", _xlpm.l="SINGLEMETRO","Single_Metro", OR(ISNUMBER(SEARCH("_powered",CONTROL[[#This Row],[VEHIDCODE]])),ISNUMBER(SEARCH("_unpowered",CONTROL[[#This Row],[VEHIDCODE]]))),"Special", _xlpm.l="WAGONS","wagons\"&SUBSTITUTE(_xlfn.TEXTBEFORE(SUBSTITUTE(_xlfn.TEXTAFTER(CONTROL[[#This Row],[VEHIDCODE]],"_",2),"Service_Car","Service#Car"),"_"),"#","_"), _xlpm.l="WAGONS_MGLV","Wagons_Maglev\"&_xlfn.TEXTBEFORE(_xlfn.TEXTAFTER(CONTROL[[#This Row],[VEHIDCODE]],"_",2),"_"), _xlpm.l="COACHES","Coaches\"&_xlfn.TEXTBEFORE(_xlfn.TEXTAFTER(CONTROL[[#This Row],[VEHIDCODE]],"_",2),"_"), _xlpm.l="COACHES_MGLV","Coaches_Maglev\"&_xlfn.TEXTBEFORE(_xlfn.TEXTAFTER(CONTROL[[#This Row],[VEHIDCODE]],"_",2),"_") )))} -> src\Railbus\Railbus_Electric | D595: {="ID_RANGE_"&_xlfn.IFS( ISNUMBER(SEARCH("mglv_maglev_wagon",CONTROL[[#This Row],[VEHIDCODE]])),"UNIT_WAGONS_MGLV", ISNUMBER(SEARCH("mu_mu_cargo_wagon",CONTROL[[#This Row],[VEHIDCODE]])),"UNIT_WAGONS_RAIL_CARGO", ISNUMBER(SEARCH("mtro_metro_wagon_",CONTROL[[#This Row],[VEHIDCODE]])),"UNIT_WAGONS_MTRO", ISNUMBER(SEARCH("mu_mu_wagon",CONTROL[[#This Row],[VEHIDCODE]])),"UNIT_WAGONS_RAIL", ISNUMBER(SEARCH("mu_wagon",CONTROL[[#This Row],[VEHIDCODE]])),"WAGONS", ISNUMBER(SEARCH("mu_coach",CONTROL[[#This Row],[VEHIDCODE]])),"COACHES", ISNUMBER(SEARCH("mglv_coach",CONTROL[[#This Row],[VEHIDCODE]])),"COACHES_MGLV", _xlfn.TEXTBEFORE(CONTROL[[#This Row],[VEHIDCODE]],"_")="rbs","RBS", _xlfn.TEXTBEFORE(CONTROL[[#This Row],[VEHIDCODE]],"_")="rbd","RBD", _xlfn.TEXTBEFORE(CONTROL[[#This Row],[VEHIDCODE]],"_")="rbe","RBE", _xlfn.TEXTBEFORE(CONTROL[[#This Row],[VEHIDCODE]],"_")="rbm","RBM", _xlfn.TEXTBEFORE(CONTROL[[#This Row],[VEHIDCODE]],"_")="steam","STEAM", _xlfn.TEXTBEFORE(CONTROL[[#This Row],[VEHIDCODE]],"_")="diesel","DIESEL", _xlfn.TEXTBEFORE(CONTROL[[#This Row],[VEHIDCODE]],"_")="electric","ELECTRIC", _xlfn.TEXTBEFORE(CONTROL[[#This Row],[VEHIDCODE]],"_")="mtro","MULTIMETRO", _xlfn.TEXTBEFORE(CONTROL[[#This Row],[VEHIDCODE]],"_")="singlemtro","SINGLEMETRO", _xlfn.TEXTBEFORE(CONTROL[[#This Row],[VEHIDCODE]],"_")="dmu","DMU", _xlfn.TEXTBEFORE(CONTROL[[#This Row],[VEHIDCODE]],"_")="cargodmu","CARGODMU", _xlfn.TEXTBEFORE(CONTROL[[#This Row],[VEHIDCODE]],"_")="emu","EMU", _xlfn.TEXTBEFORE(CONTROL[[#This Row],[VEHIDCODE]],"_")="cargoemu","CARGOEMU", _xlfn.TEXTBEFORE(CONTROL[[#This Row],[VEHIDCODE]],"_",2)="mglv_Wagon","WAGONS_MGLV", AND(_xlfn.TEXTBEFORE(CONTROL[[#This Row],[VEHIDCODE]],"_",1)="mglv",_xlfn.XLOOKUP(CONTROL[[#This Row],[VEHIDCODE]],PROPERTIES[VEHIDCODE],PROPERTIES[DUAL_HEADED])=0),"MAGLEV", _xlfn.TEXTBEFORE(CONTROL[[#This Row],[VEHIDCODE]],"_")="mmu","MMU")} -> ID_RANGE_RBE | E595: 3007 | F595: Ferrocarril de Soller 1-3 | G595: https://es.wikipedia.org/wiki/Ferrocarril_de_S%C3%B3ller | H595: =AND(CONTROL[[#This Row],[IS_WAGON_OR_COACH]]=TRUE,OR(RIGHT(CONTROL[[#This Row],[VEHIDCODE]],7)="Powered",RIGHT(CONTROL[[#This Row],[VEHIDCODE]],9)="Unpowered")) -> FALSE | I595: =OR(ISNUMBER(SEARCH("_wagon_powered",CONTROL[[#This Row],[VEHIDCODE]])),ISNUMBER(SEARCH("_wagon_unpowered",CONTROL[[#This Row],[VEHIDCODE]])),ISNUMBER(SEARCH("mu_wagon_",CONTROL[[#This Row],[VEHIDCODE]])),ISNUMBER(SEARCH("mglv_wagon_",CONTROL[[#This Row],[VEHIDCODE]])),ISNUMBER(SEARCH("mu_coach_",CONTROL[[#This Row],[VEHIDCODE]])),ISNUMBER(SEARCH("mglv_coach_",CONTROL[[#This Row],[VEHIDCODE]]))) -> FALSE | J595: =ISNUMBER(_xlfn.XMATCH(CONTROL[[#This Row],[VEHIDCODE]],TRACK_TYPES[VEHIDCODE],0)) -> TRUE | K595: =ISNUMBER(_xlfn.XMATCH(CONTROL[[#This Row],[VEHIDCODE]],PROPERTIES[VEHIDCODE],0)) -> TRUE | L595: =ISNUMBER(_xlfn.XLOOKUP(CONTROL[[#This Row],[VEHIDCODE]],roster!A:A,roster!D:D)) -> TRUE | M595: =ISNUMBER(_xlfn.XMATCH(CONTROL[[#This Row],[VEHIDCODE]],GRAPHICS_PROPERTIES[VEHIDCODE],0)) -> TRUE | N595: ="item_"&CONTROL[[#This Row],[VEHIDCODE]] -> item_rbe_Ferrocarril_de_Soller_1_3 | O595: ="str_"&CONTROL[[#This Row],[VEHIDCODE]] -> str_rbe_Ferrocarril_de_Soller_1_3 | P595: =_xlfn.XLOOKUP(CONTROL[[#This Row],[VEHIDCODE]],PROPERTIES[VEHIDCODE],PROPERTIES[IS_CONCEPT])="IS_CONCEPT" -> FALSE | Q595: =_xlfn.XLOOKUP(CONTROL[[#This Row],[VEHIDCODE]],PROPERTIES[VEHIDCODE],PROPERTIES[EXCLUDE]) -> FALSE | R595: {=_xlfn.XLOOKUP(CONTROL[[#This Row],[VEHIDCODE]],GRAPHICS_PROPERTIES[VEHIDCODE],GRAPHICS_PROPERTIES[TEMPLATE_ID]&GRAPHICS_PROPERTIES[TEMPLATE_AMENDMENT_CODE])} -> TPL_01B
A596: rbe_Hitachi_Choshi_DeHa_1000 | B596: =_xlfn.TEXTAFTER(CONTROL[[#This Row],[VEHIDCODE]],"_") -> Hitachi_Choshi_DeHa_1000 | C596: {="src\"&(_xlfn.LET(_xlpm.l,SUBSTITUTE(CONTROL[[#This Row],[VEHID_ID_CATEGORY]],"ID_RANGE_",""),_xlfn.IFS( _xlpm.l="RBS","Railbus\Railbus_Steam", _xlpm.l="RBD","Railbus\Railbus_Diesel", _xlpm.l="RBE","Railbus\Railbus_Electric", _xlpm.l="RBM","Railbus\Railbus_Maglev", _xlpm.l="STEAM","Steam", _xlpm.l="DIESEL","Diesel", OR(_xlpm.l="ELECTRIC", _xlpm.l="MULTIMETRO"),"Electric", _xlpm.l="MAGLEV","Maglev", _xlpm.l="MULTIMAGLEV","MMU", _xlpm.l="CARGODMU","CargoDMU", _xlpm.l="DMU","DMU", _xlpm.l="CARGOEMU","CargoEMU", _xlpm.l="EMU","EMU", _xlpm.l="MMU","MMU", _xlpm.l="SINGLEMETRO","Single_Metro", OR(ISNUMBER(SEARCH("_powered",CONTROL[[#This Row],[VEHIDCODE]])),ISNUMBER(SEARCH("_unpowered",CONTROL[[#This Row],[VEHIDCODE]]))),"Special", _xlpm.l="WAGONS","wagons\"&SUBSTITUTE(_xlfn.TEXTBEFORE(SUBSTITUTE(_xlfn.TEXTAFTER(CONTROL[[#This Row],[VEHIDCODE]],"_",2),"Service_Car","Service#Car"),"_"),"#","_"), _xlpm.l="WAGONS_MGLV","Wagons_Maglev\"&_xlfn.TEXTBEFORE(_xlfn.TEXTAFTER(CONTROL[[#This Row],[VEHIDCODE]],"_",2),"_"), _xlpm.l="COACHES","Coaches\"&_xlfn.TEXTBEFORE(_xlfn.TEXTAFTER(CONTROL[[#This Row],[VEHIDCODE]],"_",2),"_"), _xlpm.l="COACHES_MGLV","Coaches_Maglev\"&_xlfn.TEXTBEFORE(_xlfn.TEXTAFTER(CONTROL[[#This Row],[VEHIDCODE]],"_",2),"_") )))} -> src\Railbus\Railbus_Electric | D596: {="ID_RANGE_"&_xlfn.IFS( ISNUMBER(SEARCH("mglv_maglev_wagon",CONTROL[[#This Row],[VEHIDCODE]])),"UNIT_WAGONS_MGLV", ISNUMBER(SEARCH("mu_mu_cargo_wagon",CONTROL[[#This Row],[VEHIDCODE]])),"UNIT_WAGONS_RAIL_CARGO", ISNUMBER(SEARCH("mtro_metro_wagon_",CONTROL[[#This Row],[VEHIDCODE]])),"UNIT_WAGONS_MTRO", ISNUMBER(SEARCH("mu_mu_wagon",CONTROL[[#This Row],[VEHIDCODE]])),"UNIT_WAGONS_RAIL", ISNUMBER(SEARCH("mu_wagon",CONTROL[[#This Row],[VEHIDCODE]])),"WAGONS", ISNUMBER(SEARCH("mu_coach",CONTROL[[#This Row],[VEHIDCODE]])),"COACHES", ISNUMBER(SEARCH("mglv_coach",CONTROL[[#This Row],[VEHIDCODE]])),"COACHES_MGLV", _xlfn.TEXTBEFORE(CONTROL[[#This Row],[VEHIDCODE]],"_")="rbs","RBS", _xlfn.TEXTBEFORE(CONTROL[[#This Row],[VEHIDCODE]],"_")="rbd","RBD", _xlfn.TEXTBEFORE(CONTROL[[#This Row],[VEHIDCODE]],"_")="rbe","RBE", _xlfn.TEXTBEFORE(CONTROL[[#This Row],[VEHIDCODE]],"_")="rbm","RBM", _xlfn.TEXTBEFORE(CONTROL[[#This Row],[VEHIDCODE]],"_")="steam","STEAM", _xlfn.TEXTBEFORE(CONTROL[[#This Row],[VEHIDCODE]],"_")="diesel","DIESEL", _xlfn.TEXTBEFORE(CONTROL[[#This Row],[VEHIDCODE]],"_")="electric","ELECTRIC", _xlfn.TEXTBEFORE(CONTROL[[#This Row],[VEHIDCODE]],"_")="mtro","MULTIMETRO", _xlfn.TEXTBEFORE(CONTROL[[#This Row],[VEHIDCODE]],"_")="singlemtro","SINGLEMETRO", _xlfn.TEXTBEFORE(CONTROL[[#This Row],[VEHIDCODE]],"_")="dmu","DMU", _xlfn.TEXTBEFORE(CONTROL[[#This Row],[VEHIDCODE]],"_")="cargodmu","CARGODMU", _xlfn.TEXTBEFORE(CONTROL[[#This Row],[VEHIDCODE]],"_")="emu","EMU", _xlfn.TEXTBEFORE(CONTROL[[#This Row],[VEHIDCODE]],"_")="cargoemu","CARGOEMU", _xlfn.TEXTBEFORE(CONTROL[[#This Row],[VEHIDCODE]],"_",2)="mglv_Wagon","WAGONS_MGLV", AND(_xlfn.TEXTBEFORE(CONTROL[[#This Row],[VEHIDCODE]],"_",1)="mglv",_xlfn.XLOOKUP(CONTROL[[#This Row],[VEHIDCODE]],PROPERTIES[VEHIDCODE],PROPERTIES[DUAL_HEADED])=0),"MAGLEV", _xlfn.TEXTBEFORE(CONTROL[[#This Row],[VEHIDCODE]],"_")="mmu","MMU")} -> ID_RANGE_RBE | E596: 3011 | F596: Hitachi Choshi DeHa 1000 | G596: https://en.wikipedia.org/wiki/Choshi_Electric_Railway_1000_series | H596: =AND(CONTROL[[#This Row],[IS_WAGON_OR_COACH]]=TRUE,OR(RIGHT(CONTROL[[#This Row],[VEHIDCODE]],7)="Powered",RIGHT(CONTROL[[#This Row],[VEHIDCODE]],9)="Unpowered")) -> FALSE | I596: =OR(ISNUMBER(SEARCH("_wagon_powered",CONTROL[[#This Row],[VEHIDCODE]])),ISNUMBER(SEARCH("_wagon_unpowered",CONTROL[[#This Row],[VEHIDCODE]])),ISNUMBER(SEARCH("mu_wagon_",CONTROL[[#This Row],[VEHIDCODE]])),ISNUMBER(SEARCH("mglv_wagon_",CONTROL[[#This Row],[VEHIDCODE]])),ISNUMBER(SEARCH("mu_coach_",CONTROL[[#This Row],[VEHIDCODE]])),ISNUMBER(SEARCH("mglv_coach_",CONTROL[[#This Row],[VEHIDCODE]]))) -> FALSE | J596: =ISNUMBER(_xlfn.XMATCH(CONTROL[[#This Row],[VEHIDCODE]],TRACK_TYPES[VEHIDCODE],0)) -> TRUE | K596: =ISNUMBER(_xlfn.XMATCH(CONTROL[[#This Row],[VEHIDCODE]],PROPERTIES[VEHIDCODE],0)) -> TRUE | L596: =ISNUMBER(_xlfn.XLOOKUP(CONTROL[[#This Row],[VEHIDCODE]],roster!A:A,roster!D:D)) -> TRUE | M596: =ISNUMBER(_xlfn.XMATCH(CONTROL[[#This Row],[VEHIDCODE]],GRAPHICS_PROPERTIES[VEHIDCODE],0)) -> TRUE | N596: ="item_"&CONTROL[[#This Row],[VEHIDCODE]] -> item_rbe_Hitachi_Choshi_DeHa_1000 | O596: ="str_"&CONTROL[[#This Row],[VEHIDCODE]] -> str_rbe_Hitachi_Choshi_DeHa_1000 | P596: =_xlfn.XLOOKUP(CONTROL[[#This Row],[VEHIDCODE]],PROPERTIES[VEHIDCODE],PROPERTIES[IS_CONCEPT])="IS_CONCEPT" -> FALSE | Q596: =_xlfn.XLOOKUP(CONTROL[[#This Row],[VEHIDCODE]],PROPERTIES[VEHIDCODE],PROPERTIES[EXCLUDE]) -> FALSE | R596: {=_xlfn.XLOOKUP(CONTROL[[#This Row],[VEHIDCODE]],GRAPHICS_PROPERTIES[VEHIDCODE],GRAPHICS_PROPERTIES[TEMPLATE_ID]&GRAPHICS_PROPERTIES[TEMPLATE_AMENDMENT_CODE])} -> TPL_01B
A597: steam_SLM_G_3_4 | B597: =_xlfn.TEXTAFTER(CONTROL[[#This Row],[VEHIDCODE]],"_") -> SLM_G_3_4 | C597: {="src\"&(_xlfn.LET(_xlpm.l,SUBSTITUTE(CONTROL[[#This Row],[VEHID_ID_CATEGORY]],"ID_RANGE_",""),_xlfn.IFS( _xlpm.l="RBS","Railbus\Railbus_Steam", _xlpm.l="RBD","Railbus\Railbus_Diesel", _xlpm.l="RBE","Railbus\Railbus_Electric", _xlpm.l="RBM","Railbus\Railbus_Maglev", _xlpm.l="STEAM","Steam", _xlpm.l="DIESEL","Diesel", OR(_xlpm.l="ELECTRIC", _xlpm.l="MULTIMETRO"),"Electric", _xlpm.l="MAGLEV","Maglev", _xlpm.l="MULTIMAGLEV","MMU", _xlpm.l="CARGODMU","CargoDMU", _xlpm.l="DMU","DMU", _xlpm.l="CARGOEMU","CargoEMU", _xlpm.l="EMU","EMU", _xlpm.l="MMU","MMU", _xlpm.l="SINGLEMETRO","Single_Metro", OR(ISNUMBER(SEARCH("_powered",CONTROL[[#This Row],[VEHIDCODE]])),ISNUMBER(SEARCH("_unpowered",CONTROL[[#This Row],[VEHIDCODE]]))),"Special", _xlpm.l="WAGONS","wagons\"&SUBSTITUTE(_xlfn.TEXTBEFORE(SUBSTITUTE(_xlfn.TEXTAFTER(CONTROL[[#This Row],[VEHIDCODE]],"_",2),"Service_Car","Service#Car"),"_"),"#","_"), _xlpm.l="WAGONS_MGLV","Wagons_Maglev\"&_xlfn.TEXTBEFORE(_xlfn.TEXTAFTER(CONTROL[[#This Row],[VEHIDCODE]],"_",2),"_"), _xlpm.l="COACHES","Coaches\"&_xlfn.TEXTBEFORE(_xlfn.TEXTAFTER(CONTROL[[#This Row],[VEHIDCODE]],"_",2),"_"), _xlpm.l="COACHES_MGLV","Coaches_Maglev\"&_xlfn.TEXTBEFORE(_xlfn.TEXTAFTER(CONTROL[[#This Row],[VEHIDCODE]],"_",2),"_") )))} -> src\Steam | D597: {="ID_RANGE_"&_xlfn.IFS( ISNUMBER(SEARCH("mglv_maglev_wagon",CONTROL[[#This Row],[VEHIDCODE]])),"UNIT_WAGONS_MGLV", ISNUMBER(SEARCH("mu_mu_cargo_wagon",CONTROL[[#This Row],[VEHIDCODE]])),"UNIT_WAGONS_RAIL_CARGO", ISNUMBER(SEARCH("mtro_metro_wagon_",CONTROL[[#This Row],[VEHIDCODE]])),"UNIT_WAGONS_MTRO", ISNUMBER(SEARCH("mu_mu_wagon",CONTROL[[#This Row],[VEHIDCODE]])),"UNIT_WAGONS_RAIL", ISNUMBER(SEARCH("mu_wagon",CONTROL[[#This Row],[VEHIDCODE]])),"WAGONS", ISNUMBER(SEARCH("mu_coach",CONTROL[[#This Row],[VEHIDCODE]])),"COACHES", ISNUMBER(SEARCH("mglv_coach",CONTROL[[#This Row],[VEHIDCODE]])),"COACHES_MGLV", _xlfn.TEXTBEFORE(CONTROL[[#This Row],[VEHIDCODE]],"_")="rbs","RBS", _xlfn.TEXTBEFORE(CONTROL[[#This Row],[VEHIDCODE]],"_")="rbd","RBD", _xlfn.TEXTBEFORE(CONTROL[[#This Row],[VEHIDCODE]],"_")="rbe","RBE", _xlfn.TEXTBEFORE(CONTROL[[#This Row],[VEHIDCODE]],"_")="rbm","RBM", _xlfn.TEXTBEFORE(CONTROL[[#This Row],[VEHIDCODE]],"_")="steam","STEAM", _xlfn.TEXTBEFORE(CONTROL[[#This Row],[VEHIDCODE]],"_")="diesel","DIESEL", _xlfn.TEXTBEFORE(CONTROL[[#This Row],[VEHIDCODE]],"_")="electric","ELECTRIC", _xlfn.TEXTBEFORE(CONTROL[[#This Row],[VEHIDCODE]],"_")="mtro","MULTIMETRO", _xlfn.TEXTBEFORE(CONTROL[[#This Row],[VEHIDCODE]],"_")="singlemtro","SINGLEMETRO", _xlfn.TEXTBEFORE(CONTROL[[#This Row],[VEHIDCODE]],"_")="dmu","DMU", _xlfn.TEXTBEFORE(CONTROL[[#This Row],[VEHIDCODE]],"_")="cargodmu","CARGODMU", _xlfn.TEXTBEFORE(CONTROL[[#This Row],[VEHIDCODE]],"_")="emu","EMU", _xlfn.TEXTBEFORE(CONTROL[[#This Row],[VEHIDCODE]],"_")="cargoemu","CARGOEMU", _xlfn.TEXTBEFORE(CONTROL[[#This Row],[VEHIDCODE]],"_",2)="mglv_Wagon","WAGONS_MGLV", AND(_xlfn.TEXTBEFORE(CONTROL[[#This Row],[VEHIDCODE]],"_",1)="mglv",_xlfn.XLOOKUP(CONTROL[[#This Row],[VEHIDCODE]],PROPERTIES[VEHIDCODE],PROPERTIES[DUAL_HEADED])=0),"MAGLEV", _xlfn.TEXTBEFORE(CONTROL[[#This Row],[VEHIDCODE]],"_")="mmu","MMU")} -> ID_RANGE_STEAM | E597: 4049 | F597: SLM G 3/4 | G597: https://en.wikipedia.org/wiki/Landquart-Davos_G_3/4 | H597: =AND(CONTROL[[#This Row],[IS_WAGON_OR_COACH]]=TRUE,OR(RIGHT(CONTROL[[#This Row],[VEHIDCODE]],7)="Powered",RIGHT(CONTROL[[#This Row],[VEHIDCODE]],9)="Unpowered")) -> FALSE | I597: =OR(ISNUMBER(SEARCH("_wagon_powered",CONTROL[[#This Row],[VEHIDCODE]])),ISNUMBER(SEARCH("_wagon_unpowered",CONTROL[[#This Row],[VEHIDCODE]])),ISNUMBER(SEARCH("mu_wagon_",CONTROL[[#This Row],[VEHIDCODE]])),ISNUMBER(SEARCH("mglv_wagon_",CONTROL[[#This Row],[VEHIDCODE]])),ISNUMBER(SEARCH("mu_coach_",CONTROL[[#This Row],[VEHIDCODE]])),ISNUMBER(SEARCH("mglv_coach_",CONTROL[[#This Row],[VEHIDCODE]]))) -> FALSE | J597: =ISNUMBER(_xlfn.XMATCH(CONTROL[[#This Row],[VEHIDCODE]],TRACK_TYPES[VEHIDCODE],0)) -> TRUE | K597: =ISNUMBER(_xlfn.XMATCH(CONTROL[[#This Row],[VEHIDCODE]],PROPERTIES[VEHIDCODE],0)) -> TRUE | L597: =ISNUMBER(_xlfn.XLOOKUP(CONTROL[[#This Row],[VEHIDCODE]],roster!A:A,roster!D:D)) -> TRUE | M597: =ISNUMBER(_xlfn.XMATCH(CONTROL[[#This Row],[VEHIDCODE]],GRAPHICS_PROPERTIES[VEHIDCODE],0)) -> TRUE | N597: ="item_"&CONTROL[[#This Row],[VEHIDCODE]] -> item_steam_SLM_G_3_4 | O597: ="str_"&CONTROL[[#This Row],[VEHIDCODE]] -> str_steam_SLM_G_3_4 | P597: =_xlfn.XLOOKUP(CONTROL[[#This Row],[VEHIDCODE]],PROPERTIES[VEHIDCODE],PROPERTIES[IS_CONCEPT])="IS_CONCEPT" -> FALSE | Q597: =_xlfn.XLOOKUP(CONTROL[[#This Row],[VEHIDCODE]],PROPERTIES[VEHIDCODE],PROPERTIES[EXCLUDE]) -> FALSE | R597: {=_xlfn.XLOOKUP(CONTROL[[#This Row],[VEHIDCODE]],GRAPHICS_PROPERTIES[VEHIDCODE],GRAPHICS_PROPERTIES[TEMPLATE_ID]&GRAPHICS_PROPERTIES[TEMPLATE_AMENDMENT_CODE])} -> TPL_03C
